동료	Kollege	同僚	same - comrade
소식	Nachricht, etwas (hören von jmd.)	消息	extinguish - rest, breathe
이웃 (kor.)	Nachbar		
환영회	Begrüßungsfeier, Empfang	歡迎會	pleasure - receive - 
뜻 (kor.)	Sinn, Bedeutung		
축하하다(祝賀-)	gratulieren (celebrate - congratulate) (축제)		
신입생	ein neuer Schüler	新入生	new - enter - be born
지내다 (kor.)	verbringen (einen schönen Tag ~)		
글쎄	nun, also		
오랫동안	lange (Zeit), eine ganze Weile		
연락	Verbindung, Kontakt	連落	connect - fall down
다양하다(多樣-)	verschieden sein, mannigfaltig sein (many  - style) (다행, 모양)		
완성	Vervollständigung	完成	complete - finish
토론회	Debattiergesellschaft	討論會	attack, suppress - discuss - meet
전시회	Ausstellung	展示會	spread - exhibit - meet
열다	(er)öffnen, veranstalten		
모집하다(募集-)	anwerben (gather - gather) ()		
가입	Eintritt, Anschluss	加入	add - enter
신청서	(schriftliche) Anmeldung, Bewerbung	申請書	report - request - write
신청	Gesuch, Bitte, Ansuchen	申請	report - request
기간	Frist, Termin, Zeitpunkt	期間	period of time, time limit - interval
활동	Tätigkeit	活動	lebendig - move
찍다	(ein Foto) machen		
학기	Semester	學期	learn - period of time, time limit
끝나다	enden, zum Abschluss kommen		
연극	Theater(vorstellung)	演劇	perform - drama (violent?)
특별히	besonders, speziell	特別-	special - different -
먼저 (kor.)	zuerst		
드리다	geben (höflich)		
토론	Debatte, Diskussion	討論	attack, suppress - discuss
요일	Wochentag		
관심	Interesse, (An)teilnahme	關心	bolt - heart
잡다	fassen, greifen		
플루트	Flöte		
불다 (kor.)	blasen, spielen (auf einem Blasinstrument)		
치다 (kor.)	schlagen, spielen (Gitarre, Trommel)		
켜다	anmachen, anzünden,spielen (Harfe)		
살이 빠지다	abnehmen		
며칠 (kor.)	wieviele Tage		
관광지	Sehenswürdigkeit	觀光地	look - light/bright/shine - earth
동양(東洋)	Orient, Asien (east - ocean/western) (동, 동독일, 양말)		
역사(歷史)	Geschichte (pass through - history) ()		
내용(內容)	Inhalt (inside - face, form) (안내, 시내, 내장, 미용실, 용서)		
알아보다	fragen, sich erkundigenherausfinden		
경제	Wirtschaft	經濟	pass through - pass over
기사	(Zeitungs)artikel	記事	record - business
줍다	aufnehmen, aufheben		
걷다 (kor.)	zu Fuß gehen		
똑같다	gleich sein		
달	Mond, Monat		
자리 (kor.)	Sitz, Platz, Stelle (auch i.S.v. x-stellig)		
받다	bekommen, erhalten		
가요	Lied	歌謠	song - ballad
자연스럽게	natürlich erscheinend		
끊다 (kor.)	abtrennen, unterbrechen		
환영하다(歡迎-)	willkommen (pleasure - receive -) (환영회)		
물음 (kor.)	Frage		
답하다(答-)	beantworten (answer) (답장)		
시기	Zeit, Periode, Zeitpunkt	時期	time - period of time, time limit
인사	Gruß	人事	person - business
보통	normalerweise		
여러 (kor.)	viel, zahlreich		
축구(蹴球)	Fußball (kick - ball) (농구, 야구)		
넘다 (kor.)	durchgehen, überschreiten		
이사(移徙)	Umzug (remove - remove)		
취미(趣味)	Hobby, Interesse, Geschmack (vorantreiben - taste) (조미료, 의미)		
이제 (kor.)	jetzt, nun		
별명	Spitzname	別名	different - name
이유	Grund, Anlass	理由	regulate, Vernunft - cause
아나운서	Sprecher, Ansager		
특히(特-)	besonders, vor allem (special -) (독특한, 특별히, 특징)		
부르다 (kor.)	rufen		
친하다	sehr gut befreundet sein	親-	intimate
교통	Verkehr, Beförderung, Transport	交通	mix, exchange - pass through
대중	Volk, Masse	大衆	big - crowd
노선도	Liniennetzplan	路線圖	road - line - picture
표	Verzeichnis, Tabelle, Aufstellung	表	table, list
장점	starke Eigenschaft, Vorzug	長點	long - dot
갈아타다 (kor.)	umsteigen		
할인(割引)	Ermäßigung, Rabatt (cut - pull) (현금 인출기)		
현금	Bargeld	現金	show, appear - metal(money)
교통비	Beförderungskosten	交通費	mix, exchange - pass through - spend
남다	bleiben,übrig sein		
돌려받다	zurück bekommen		
내다	(mit etwas) bezahlen		
어휘	Wortschatz	語彙	words - group
공원	Park	公園	public - garden
병원(病院)	Krankenhaus (disease - house) (병문안, 고아원, 입원)		
약국(藥局)	Apotheke (medicine - bureau) (치약, 우체국)		
편의점	convenience store	便宜店	convenient - fitting - shop
꽃집 (kor.)	Blumenladen		
주유소	Tankstelle	注油所	richten - oil - place/thing
안경점	Optikerladen	眼鏡店	eye - mirror - shop
문구점	Schreibwarenladen	文具店	writing - equipment - shop
세탁소	Wäscherei	洗濯所	wash - wash - place/thing
사진관(寫眞館)	Fotostudio (copy - true - public building) (사진, 묘사, 도서관)		
빵집 (kor.)	Bäckerei		
쓰레기 (kor.)	Abfall		
버리다 (kor.)	wegwerfen		
음식물(飮食物)	Lebensmittel (drink - food - goods) (음료, 과식, 식도, 식탁, 건물, 동물, 물가, 박물관, 분실물, 청과물)		
쓰레기통	Papierkorb, Mülleimer	-桶	- tub
쓰레기봉투	Müllbeutel	-封套	seal - envelope
따로 (kor.)	separat		
언제든지	egal wann,jederzeit		
옆집	Nachbarhaus		
방법	Methode, Art	方法	square - law
구성	zusammensetzen, bauen, konstruieren	構成	frame - finish
들어가다	hereinkommen/-gehen; (mit dem Gehör) aufnehmen		
넣다	reinstecken, -legen		
방문	Besuch	訪問	visit - ask
궁금하다 (kor.)	neugierig		
단말기	Terminal, Endgerät	端末機	end - end - machine
환승(換乘)	"das Umsteigen (exchange - ride) (환전, 환절기, 환불, 환율, 교환, 환산)"		
건너편	die gegenüberliegende Seite,die entgegengesetzte Richtung		
쌓이다	sich anhäufen		
답장	Antwort	答狀	answer - letter
보낸 사람	Absender		
제목	Titel, Subject, Überschrift	題目	title - eye
머무르다	bleiben, sich aufhalten,logieren		
사실	Fakt, Tatsache, tak naprawde	事實	business - real
수첩(手帖)	Notizbuch (hand - document) (수술, 선수, 손수건, 실수, 세수, 박수)		
계획	Plan, Entwurf	計劃	count, calculate - ausdenken/planen
용건	Angelegenheit	用件	use - article (thing)
바탕 (kor.)	Grundlage, Stoff		
"연음(連音)"	Liaison (Phonetik) (connect - sound)		
참고하다	(in einem Wörterbuch) nachschlagen	參考	participation - think
주의	Achtung	注意	richten - meaning
낭독(朗讀)	Vortrag (clear - read) (낭송)		
추신	Post scriptum	追申/伸	follow, pursue - report/extend
단점(短點)	Schwäche, Nachteil (short - dot) (장점)		
장단점(長短點)	"Vor- und Nachteile, Stärken und Schwächen (long - short - dot) (사장, 연장, 단점)"		
택시	Taxi		
확인	bestätigen, sichergehen	確認	certain - recognize
반드시 (kor.)	bestimmt,gewiss,immer,stets		
꼭	bestimmt,gewiss,zweifellos,immer,stets		
정확(正確)	Genauigkeit, Präzision, Richtigkeit (correct - certain) (정장, 정문, 확실, 확인하다)		
발표	veröffentlichen, bekanntmachen	發表	send out - table, list; surface, outside, external
칠판	Wandtafel	漆板	Lack - board
반대	Gegenteil	反對	repeat - mutual, opposing, counter
안경	Brille	眼鏡	eye - mirror
콘택트렌지	Kontaktlinse		
구조	Struktur, Aufbau, Organisation	構造	frame - make
종류	Art, Sorte, Gattung	種類	kind - class
울음	Weinen,Schreien,Cryie		
웃음	Lachen,Lächeln,Smilie		
독특한(獨特-)	einzigartig, besonders (alone - special -) (특별히, 특징, 특히)		
호칭	Anrede	呼稱	call - call, declare
나이가 많다 (kor.)	älter sein		
또	und, überdies,außerdem,ebenfalls		
상급생	Student eines älteren Jahrgangs	上級生	above - level - be born
상급	höherer Rang, höhere Klasse	上級	above - class
가족	Familie	家族	house - tribe
관계(關係)	Beziehung, Verhältnis (bolt - relate) (상관, 관련, 관심, 성관계)		
친근	nahe verwandt	親近	intimate - near to
반영	Widerspiegelung, Reflexion	反映	repeat - reflect
사고(思考)	die Denkweise (think - think) (참고하다)		
혹시	vielleicht, etwa, wenn, falls	或是	perhaps - this, right
모습 (kor.)	Gestalt, Haltung, Pose		
떠오르다	auftauchen, in den Sinn kommen		
시(詩)	Gedicht, Vers (poetry)		
시인	Dichter, Poet	詩人	poetry - man
느끼다 (kor.)	fühlen, empfinden, wahrnehmen		
낭송(朗誦)	Rezitation (clear - recite) (낭독)		
부모님	Eltern	父母-	mother - father -
부분	Teil, Abschnitt, Portion	部分	group - divide
급(級)	Klasse, Rang, Stufe, Level (class) (상급)		
요리사	Koch	料理師	material - regulate - teacher
배달	Lieferung	配達	distribute - send
주문	Bestellung, Auftrag	注文	richten - sentence
요리법	(Koch)rezept		
종업원	Angestellter	從業員	obey - business - Personal
금연	Rauchverbot	禁煙	forbid - rauchen
흡연	Rauchen	吸煙	breath - rauchen
이따가	etwas später		
생선	Fisch	生鮮	be born - fresh
요리	Kochen, Gericht	料理	materials - regulate
시키다 (kor.)	lassen, bewirken, veranlassen		
포도주	Wein	葡萄酒	grapes - grape - wine
홍차(-茶)	schwarzer Tee		
모임	Treffen		
출장(出張)	Dienstreise (come out - extend) (출발, 출근, 일출, 외출, 긴장)		
두통	Kopfschmerzen	頭痛	head - pain
막히다	verstopfen, gesperrt werden		
공사	Bau(arbeiten)	工事	artisan - business
도서관	Bibliothek	圖書館	picture - writing - public building
장마 (kor.)	Regenzeit		
원인	Ursache, Anlass	原因	source, origin - cause
양(量)	Menge (measure) (수량, 성량, 식사량)		
깨끗하다	sauber, fein		
무료(無料)	kostenlos (nothing - aufzählen) (무화과, 요금)		
꽃샘추위	"""Blumen-Neid-Kälte"",Nachwinter"		
인기	Beliebtheit, Popularität	人氣	person - air
유람선(遊覽船)	Vergnügungsdampfer (play - inspect - ship) (야유회, 관람)		
입학	Eintritt in Bildungseinrichtung	入學	enter - learn
교통사고	Verkehrsunfall	交通事故	mix, exchange - pass through - business - reason
복잡하다(複雜)	verworren, kompliziert (double - mixed) (복사, 복도, 잡채, 잡지)		
황사	the yellow dust	黃砂	yellow - sand
등산	Bergsteigen, Bergsport	登山	climb - mountain
단풍	Ahorn, die Herbstfarbe des Laubes	丹楓	red - maple tree
공짜	für nichts, umsonst	空-	empty - 
리더기	(Karten)leser		
일 점 오 리터	1,5 Liter		
삼 점 일 사 일 오	3,1415		
그릇	Behälter, Gefäß, Geschirr		
1인분	eine Portion		
전채 요리	Vorspeise	前菜 料理	front, first - vegetables - materials - regulate
호박 (kor.)	Kürbis		
죽(粥)	Brei (Brei)		
주요리	Hauptgericht	主料理	lord - materials - regulate
불고기 (kor.)	gebratenes Fleisch		
택일	eines unter mehreren auswählen	擇一	select - one
후식	Nachtisch	後食	after - food
녹차	grüner Tee		
정하다	bestimmen, festsetzen, entscheiden, fixieren	定-	settle -
정식	(mehr-Gänge-)Menü	定食	settle, fix - food
잡채(雜菜)	(mixed - vegetables) ein gemischtes Gericht aus Gemüsen und Fleisch mit Glasnudeln  (잡지, 복잡하다, 채소, 야채)		
계란	Hühnerei	鷄卵	chicken - egg
된장	Sojabohnenpaste	-醬	- thick sauce
선택(選擇)	(Aus)wahl (select - select) (선수, 선호, 택일)		
끓다 (kor.)	kochen (selbst)		
달콤하다 (kor.)	süß schmecken		
한잔하다(-盞-)	etwas trinken gehen (- wine cup -)		
의논하다	erörtern	議論	discuss - discuss
제안(提案)	Vorschlag (carry in one hand, propose - table, file) (제시, 안내, 초안)		
불규칙	Unregelmäßigkeit	不規則	not - rule - norm, rule
냄비 (kor.)	Kochtopf		
밥을 짓다	Reis kochen		
젓다 (kor.)	umrühren		
낫다 (kor.)	genesen, besser werden		
붓다 (kor.)	gießen, anschwellen		
쌀	Reis (ungekocht)		
맞추다	abstimmen (auf), einstellen, anpassen		
중요하다	bedeutsam, wichtig	重要-	heavy - important
얼굴 (kor.)	Gesicht, Miene		
목 (kor.)	Hals (Kopf, Nacken, Kehle)		
열(熱)	Fieber (hot) (열정)		
곧 (kor.)	bald		
국자 (kor.)	Kelle		
강아지 (kor.)	Welpe		
귀엽다 (kor.)	niedlich		
털 (kor.)	Haar		
소금 (kor.)	Salz		
방송	Sendung, Rundfunk	放送	drive out - send
순서(順序)	Ordnung, Reihenfolge (obey - order) ()		
비다 (kor.)	leer		
칸 (kor.)	partition, compartment, space		
파 (kor.)	Lauchzwiebel		
세다 (kor.)	stark, kräftig, mächtig, gewaltig		
볶다	braten (mit Umrühren)		
출출하다 (kor.)	hungrig sein		
썰다	klein (fein) schneiden		
섞다 (kor.)	mischen		
찌다 (kor.)	dämpfen, dünsten		
굽다 (kor.)	grillen		
삶다	kochen (etwas)		
튀기다 (kor.)	fritieren		
반죽하다 (kor.)	kneten		
기름 (kor.)	Öl		
두르다	etwas mit etwas umgeben, umwickeln; (Oel) reingeben		
껍질 (kor.)	Schale, Haut, Rinde		
벗기다 (kor.)	abreißen, entkleiden		
풀다 (kor.)	(auf)lösen (z.B. in Wasser),(eine Aufgabe) lösen,sich (die Nase) putzen,(Koffer) auspacken		
김치전	Kimchi Pancake		
밀가루 (kor.)	Weizenmehl (Weizen - Pulver)		
골고루 (kor.)	gleichmäßig, uniform		
프라이팬	Bratpfanne		
반죽 (kor.)	Teig		
오징어 (kor.)	Tintenfisch		
감자 (kor.)	Kartoffel		
당근 (kor.)	Möhre		
양파	Zwiebel		
가루 (kor.)	Pulver		
채소(菜蔬)	Gemüse (vegetable - vegetable) (야채, 잡채)		
권하다(勸-)	raten, empfehlen (advice - ) ()		
연결(連結)	Verbinden (connect - join) (결과, 결혼)		
감기	Erkältung	感氣	feel - air
고향(故鄕)	Heimatort (reason - country) (고장)		
푹 (kor.)	tief (schlafen),gut (ausruhen)		
개인	privat, persönlich	個人	individual - person
아기 (kor.)	Baby		
짜증	schlechte Laune		
돌리다 (kor.)	drehen		
고개 (kor.)	Hals		
어른 (kor.)	Erwachsener		
술잔(-盞)	Trinkglas (- wine cup)		
성격	Charakter, Wesen	性格	nature, character - pattern, character
친절하다	freundlich zu jmd. sein	親切-	intimate - correspond
싸우다 (kor.)	streiten, zanken		
화	Ärger, Wut, Zorn	火	fire
가지다 (kor.)	halten, besitzen, bei sich tragen		
창피(猖披)	Schande, Scham (frenzy - open)		
익숙하다 (kor.)	(etwas) gewohnt sein		
방학(放學)	Ferien (drive out - learn) (방송, 학생, 유학)		
다치다 (kor.)	sich verletzen		
다리 (kor.)	Bein; Brücke		
아까 (kor.)	vor kurzem, vorhin		
넘어지다 (kor.)	hinfallen		
치마 (kor.)	Rock		
여행사	Reisebüro	旅行社	travel - go, move - society
일정	(Reise-)Programm	日程	day - schedule
산책(散策)	Spaziergang (disperse - plan)		
박물관	Museum	博物館	extensive - goods - public building
관람(觀覽)	das Besichtigen (look - inspect) (관광)		
숙박비	Unterkunftskosten	宿泊費	lodge - stay - spend
휴가(休暇)	Ferien, Urlaub (rest - leisure) (연휴)		
묵다 (kor.)	übernachten, bleiben		
자신	sich selbst	自身	self - body
늘다 (kor.)	wachsen, zunehmen		
과실	Frucht	果實	fruit - fruit
오르다 (kor.)	steigen (Preis)		
물가(物價)	(Waren)preis, Wert (goods - value) (음식물, 평가)		
기대	Erwartungen	期/企待	period of time, time limit/make plan - wait
그만두다	(Firma) verlassen, aufhören		
월급(月給)	Monatsgehalt (Monat - geben) (발급하다)		
동네(洞-)	Neighborhood (ravine, hole - )		
바로	direkt (nach X fahrender Bus)		
거리	Entfernung	距離	distant - abreisen
장학금	Stipendium	獎學金	ermahnen - lernen - metal(money)
포장(包裝)	Verpackung (pack - decorate) (장식, 정장)		
복도(複道)	Korridor, Gang (double - road) (복사, 복잡하다, 인도, 식도, 도중)		
바닥 (kor.)	der Boden (ist rutschig)		
미끄럽다 (kor.)	glatt, rutschig sein		
양말(洋襪/韈)	Strumpf, Socke (ocean/western - Korean socks/Korean socks) (동양, 양복)		
두껍다	dick, dicht, schwer (z.B. Strümpfe)		
신다 (kor.)	anziehen (z.B. Strümpfe)		
운전하다(運轉-)	(ein Fahrzeug) fahren (move, transport - bewegen - ) (운동)		
건물	Gebäude	建物	build - goods
불이 나다	Feuer ausbrechen		
고객	Kunde	顧客	sich umwenden - guest
잊어버리다	vergessen		
기회	Gelegenheit	機會	opportunity - meet
자세하다(仔細-)	ausführlich, genau beschreiben (detailed - thin) ()		
고장	"Schaden, Fehler, Mangel"	故障	reason - obstruct
구경 (kor.)	das Besichtigen, das Anschauen		
재료	Zutaten	材料	material - material
큰술 (kor.)	Esslöffel		
두부(豆腐)	Tofu (bean - spoiled)		
고추	Chilli(schote)	苦椒	bitter - pepper, spices
다지다 (kor.)	hacken (z.B. Knoblauch)		
마늘 (kor.)	Knoblauch		
가로 세로	kreuz und quer,der Länge und Breite nach		
두께	Dicke		
찌개 (kor.)	Eintopf		
직전에	kurz zuvor	直前-	straight - front, first
향(香)	Duft (Aroma) (fragrance) (향수, 향신료)		
멸치 (kor.)	Sardellen		
조개 (kor.)	Muscheln		
없어지다	verschwinden (z.B. Geschmack)		
숫자	Ziffer		
센티미터	Zentimeter		
야채	Gemüse	野菜	field - vegetable
약하다	schwach		
오이 (kor.)	Gurke		
가지 (kor.)	Art; Aubergine		
새우 (kor.)	Garnele		
가로	Breite		
세로 (kor.)	Länge, Tiefe		
분수	Bruchzahl	分數	divide - count
영 점 오 센티미터	0,5 Zentimeter		
사 분의 삼	drei Viertel		
바로 전	direkt davor		
냄새 (kor.)	Geruch		
은행에서 돈을 찾다	bei der Bank Geld abheben		
신발 (kor.)	Schuhwerk		
주방(廚房)	Küche (kitchen - room)		
달력	Kalender	-曆	- calender
서(西)	Westen (west)		
남(南)	Süden (south)		
동(東)	Osten (east) (동독일, 동양)		
북(北)	Norden (north)		
"동독일(東獨逸)"	Ostdeutschland (east - alone - easy) (독특한)		
세우다	(Pläne) machen		
위한(爲-)	für jmd, um jds. Willen (do, make)		
싸다	billig;einwickeln, verpacken, (Sachen) packen		
떠나다 (kor.)	abfahren (Reise)		
조깅	Jogging		
상담(相談)	Beratung (mutual - talk) (상대방, 상관없다, 인상착의, 농담, 경험담)		
매진(賣盡)	Ausverkauf (sell - exhaust) (예매, 판매)		
직원	Personal	職員	official duty - Personal
몇 번 게이트	Welches (welche Nummer) Gate		
창가	Fensterseite (Flugzeug)	窓-	window -
외국인을 위한 한국어	Koreanisch für Ausländer		
녹음	(Ton)aufnahme	錄音	record - sound
총(總)	gesamt-		
과제	Aufgabe, Auftrag	課題	work - title
교사	Lehrkraft	敎師	teach - teacher
모음(母音)	Vokal (mother - sound) (부모님, 자음)		
자음(子音)	Konsonant (son - sound) (전자, 여자, 남자, 과자, 의자, 연음, 녹음)		
제시	present(ation)	提示	carry in one hand, propose - exhibit
유음(流音)	Fließlaut (flow - sound) (유행, 자음, 음치)		
탈락	Auslassung	脫落	peel off - fall down
비음(鼻音)	Nasalllaut (Nase - sound)		
구개음(口蓋音)	Gaumenlaut (mouth - cover - sound) (녹음, 자음)		
음	Ton, Laut		
출발	Abreise	出發	come out - send out
얼다 (kor.)	gefrieren, vereisen		
신용(信用) 카드	Kreditkarte (trust - use) (자신, 신호등, 용건, 용돈, 식용유, 비용, 응용)		
양념 (kor.)	Gewürz		
무 (kor.)	Rettich		
국제	international	國際	nation - brink
급하다	in Eile sein	急-	urgent -
회의	Beratung, Besprechung, Sitzung, Versammlung	會議	meet - discuss
사흘 (kor.)	3 Tage		
수술	Operation	手術	hand - Kunstfertigkeit
돌아가다 (kor.)	zurückgehen (돌다)		
겨우 (kor.)	mit Müh' und Not, gerade so		
그저께 (kor.)	vorgestern 엊그제[어끄제] 어제 그저께		
거짓말 (kor.)	Lüge		
성적	Zensur, Resultat, Leistung	成績	accomplish - weave
멀다	weit (entfernt) sein		
팔리다	sich (gut) verkaufen		
입원	Aufnahme ins Krankenhaus	入院	enter - house
지리를 알다	sich (hier) gut auskennen		
잡지(雜誌)	Zeitschrift (various - hold, book) (잡채, 복잡하다)		
기능	Funktion, Feature (eines Gerätes)	機能	machine - to be able
짧다	kurz sein		
미용실	Friseursalon	美容室	beautiful - face - room
조퇴하다	früher gehen (Schule, Büro)	早退-	early - retreat -
속 (kor.)	das Innere, Mitte, Zentrum		
익다 (kor.)	reifen, reif sein; gar sein		
계속(繼續)	Fortsetzung (connect - continue) (지속)		
부치다 (kor.)	braten (ohne Umrühren, wie Eierkuchen); versenden, abschicken (Post)		
당면(唐麵)	Glasnudeln (dismay - noodles) (당황하다, 냉면)		
음료(飮料)	"Getränk (drink - materials) (음식물, 요리, 무료, 새료, 조미료)"		
뜨겁다	heiß		
태도	Haltung, (Ein)stellung, Verhalten	態度	attitude - degree
당황하다(唐慌/惶)	bestürzt, perplex sein (dismay - puzzle / fear) (당면)		
큰소리로	laut		
배추 (kor.)	Chinakohl/Weißkohl		
생기다 (kor.)	entstehen, sich ergeben, mehr werden (Fragen, Patienten)		
서류	Schriftstück, Dokument, Unterlagen	書類	write - class
등록	Eintragung, Registrierung (Meldeamt)	登錄	climb - record
여권	Reisepass	旅券	travel - document
걸리다 (kor.)	(Erkältung) zuziehen; (Zeit) dauern		
물론	natürlich, selbstverständlich, freilich	勿論	don't - discuss
제시간에	pünktlich, rechtzeitig	-時間-	- time - interval -
의견	Meinung, Ansicht, Auffassung	意見	meaning - see
바다 (kor.)	Meer		
회(膾)	roher Fisch (raw meat) ()		
해수욕	Seebad	海水浴	sea - water - bathe
관련(關聯/連)	Zusammenhang (bolt - associate/connect) (관심, 상관, 관계)		
배낭	Rucksack	背囊	back - sack
통로	Durchgang	通路	pass through - road
저렴하다	billig, preiswert	低廉-	low - integrity - 
유적지	historic site	遺跡/遺蹟地	leave behind - footprints/trace - earth
시내(市內)	Stadtmitte, Zentrum (market - inside) (도시, 안내, 내용, 내장)		
기념품	Andenken, Souvenir	記念品	record - think - article
면세점	duty-free-Laden	免稅店	avoid - tax - shop
결심	Entschluss	決心	decide - heart
담배 (kor.)	Tabak, Zigarette		
건강	Gesundheit	健康	strong - peaceful
세계일주	Weltreise	世界一周	world - border - one - round
운전면허증	Führerschein	運轉免許證	move, transport - roll - avoid - allow - evidence
빼다 (kor.)	wegnehmen, subtrahieren, abziehen		
대기업	Großunternehmen	大企業	big - plan - business
취직하다(就職)	eine Stelle antreten (approach - official duty) (직윈, 퇴직)		
변경(變更)	Änderung (change - change) (변화)		
예약	Vorbestellung, Reservierung	豫約	beforehand - promise
고궁	alter Palast		
한복	koreanische Tracht	韓服	korean - clothes
야경	Ansicht bei Nacht	夜景	night - scenery (sunshine?)
주로(主-)	hauptsächlich, vornehmlich, zum größten Teil (lord -) (주요)		
촬영(撮影)	Aufnahme, das Fotografieren (collect, take - shadow) (영향)		
가까이 (kor.)	unweit, kurz vor		
마을 (kor.)	Dorf, Weiler (한옥 마을)		
전혀	ganz, total	全-	perfect -
여쭙다	fragen (높)		
결정	Entscheidung, Festlegung	決定	decide - settle
성함(姓銜)	Name (höflich 이름) (surname - bit)		
면접	Interview	面接	face - connect
경험	Erfahrung, Erlebnis	經驗	pass through - examine
조언	Ratschlag	助言	help - words
경험담	Erlebnis-erzähl-gespräch	經驗談	pass through - examine - talk
선호(選好)	Präferenz (select - like) (선수, 선택, 호기심)		
식혜(食醯)	Süßes Getränk aus fermentiertem Reis (food - vinegar)		
시원하다 (kor.)	kühl, frisch, erfrischend		
상황	Situation, Umstände	狀況	form - much more, let alone
화려(華櫚)	Pracht, Prunk (shine - palm branch)		
설문지	Fragebogen	設問紙	give - ask - paper
성인	Erwachsener	成人	accomplish - man
외모	(z.B. das eigene) Aussehen	外貌	outside - appearance
고민	Qual	苦悶	bitter - agonize
수학여행	Klassenfahrt	修學旅行	cultivate - learn - travel - go, move
항공사	Fluggesellschaft	航空社	navigate - empty - society
증권	Wertpapier	證券	evidence - document
광고	Reklame, Werbung	廣告	broad - tell
면접시험	mündliche Prüfung	面接試驗	face - connect - test - examine
긴장(緊張)	(An)spannung (urgent - extend), (An)gespanntheit (출장)		
대기실	Wartesaal	待機室	wait - opportunity - room
결과	Ergebnis (einer Prüfung)	結果	join - fruit
사원	Angestellter	社員	society - Personal
표시하다	kundgeben	表示	table, list; surface, outside, external - exhibit
능력	Fähigkeit, Können	能力	to be able - strength
희망(希望)	Hoffnung, Wunsch, Erwartung (hope - hope) (실망)		
지원자	Bewerber, Aspirant	志願者	intention - want - man
봉사 활동	Freiwilligenarbeit	奉仕 活動	serve - serve - lebendig - move
번역(飜譯)	Übersetzung (flip over - translate) (통역)		
졸업	Abgang, Graduierung (von einer Schule)	卒業	finish - business
전공	Hauptfach	專攻	exclusively - attack
알리다	mitteilen, benachrichtigen, wissen lassen		
지도	(Land)karte	地圖	earth - picture
점원	Verkäufer	店員	shop - Personal
관광객	Tourist	觀光客	look - light/bright/shine - guest
안내(案內)	Auskunft, Führen (table, file - inside) (제안, 초안, 시내, 내용, 내장)		
극장	Theater	劇場	drama (violent?) - place
벌다 (kor.)	(Geld) verdienen		
주차(駐車)	Parken (halt - cart) (열차, 자전거)		
전문점	Fachgeschäft, Spezialgeschäft	專門店	exclusively - gate - shop
행동	Handlung, Tat, Aktion	行動	go, move - move
지속	Fortdauer, Aufrechterhaltung	持續	hold - continue
끄다	ausschalten (Handy)		
자르다	(Haare) schneiden		
사귀다 (kor.)	umgehen, verkehren mit		
간단하다(-單-)	einfach, kurz, bündig (- single -) (단어, 단위, 단, 전단)		
강조	Betonung	强調	strong - adjust, harmonize
공항	Flughafen	空港	empty - bay, harbor
예매(豫賣)	Vorverkauf (beforehand - sell) (예매, 예습, 예약, 예정, 예감, 매진, 판매)		
설명	Erklärung	說明	speak - bright, clear
시끄럽다 (kor.)	noisy		
멋있다 (kor.)	fein, geschmackvoll, schick		
연주	musikalische Darbietung, Performance	演奏	perform - inform
정문	Haupteingang	正門	primary - gate
개업	(Geschäfts)eröffnung	開業	open - business
분위기	Atmosphäre, Flair	雰圍氣	fog - surround - air
생각보다	... als gedacht		
벌써부터 기대가 되는군요.	Ich freue mich bereits darauf.		
전통	Tradition, Überlieferung	傳統	transmit - govern
공연	öffentliche Aufführung	公演	public - perform
일광욕	Sonnenbad	日光浴	sun - light/bright/shine - bathe
해변	Küste, Strand	海邊	sea - edge
숙소	Unterkunft	宿所	lodge - place/thing
가장	#NAME?		
즐겁다 (kor.)	freudig sein		
끼다 (kor.)	(Wolken) hängen; einschalten		
먹구름 (kor.)	dunkle Wolke, Sturmwolke		
가능	Möglichkeit	可能	right/allowed/appropriate - to be able
놀이공원	Vergnügungspark	-公園	- public - garden
모레 (kor.)	übermorgen		
통장	Sparbuch	通帳	pass through(?) - curtain(?)
향수	Parfüm	香水	fragrance - water
체험	körperliche Erfahrung, Erlebnis	體驗	body - examine
소화	Verdauung	消化	extinguish - change
노력	Mühe, Anstrengung	努/勞力	endeavor/work - strength
잊다	vergessen, verschwitzen, aus dem Gedächtnis verlieren		
행사(行事)	Ereignis, Begebenheit (go, move - business) (행동, 여행, 은행, 사고, 사실, 식사)		
지각(遲刻)	Verspätung (late - carve) (심각)		
도시(都市)	Stadt (city - market) (시내)		
축제(祝祭)	Feier, Fest (celebrate - sacrificial rites) (축하하다)		
정보	Auskunft, Information	情報	sentiment - report
외투	Mantel	外套	outside - envelope
장갑(掌甲/掌匣)	Handschuhe (Handfläche - armor/case)		
목도리 (kor.)	Schal, Halstuch		
장소	Platz, Stelle, Lage, Position	場所	place - place/thing
표현	Ausdruck (expression)	表現	surface, outside, external - show, appear
출근	zum Dienst gehen, an die Arbeit gehen	出勤	come out - diligent
퇴근	vom Dienst nach Hause gehen	退勤	retreat - diligent
출퇴근	Rushhour	出退勤	come out - retreat - diligent
피하다	meiden	避-	avoid
음료수	Trinkwasser	飮料水	drink - materials - water
냉장고	Kühlschrank	冷藏庫	cold - hide - warehouse
꺼내다 (kor.)	herausnehmen		
대중목욕탕	Badehaus fürs Volk	大衆沐浴湯	big - crowd - wash - bathe - boil
순간	Augenblick, Moment	瞬間	blinzeln - interval
깜짝 놀라다 (kor.)	staunen		
지르다 (kor.)	(소리를) schreien, kreischen		
분명하다	klar wie Kloßbrühe	分明-	divide - bright
차갑다 (kor.)	kalt		
당연하다	sich von selbst verstehen	當然	suitable - certainly
해당하다	sich beziehen auf	該當	prepare/should(?) - suitable
수박 (kor.)	Wassermelone		
맺다 (kor.)	verbinden		
비음화(鼻音化)	Nasalierung (Nase - sound - change) (소화, 화장대, 변화)		
갖다 (kor.)	mit verschiedenen Dingen ausgestattet sein		
조사(調査)	"Untersuchung (adjust, harmonize - investigate) (조미료, 강조, 조절)"		
홍보(弘報)	Public Relations (extensive - report) (정보, 보고서)		
전문가	Fachmann	專門家	exclusively - gate - specialist
감정	Gefühl	感情	feel - sentiment
잡지사(雜誌社)	"Zeitschriftenunternehmen (mixed - hold - society) (잡채, 복잡하다, 출팔사, 항공사)"		
편집(編輯)	Redaktion (compile - edit) ()		
나르다 (kor.)	befördern		
내보내다 (kor.)	ausstrahlen (Fernseh- oder Radiosendung); rauswerfen		
필기	das Schreiben	筆記	writing brush - record
합격	das Bestehen (einer Prüfung)	合格	combine, unite, join - pattern, character
떨리다 (kor.)	zittern, schaudern		
참	wirklich (i.S.v. sehr)		
직접	Unvermitteltheit	直接	straight - connect
고아원(孤兒院)	Waisenhaus (lonely - child - house) (미아, 병원, 입원)		
돕다 (kor.)	helfen		
키우다	großziehen (Kind), halten (Haustier)		
지갑(紙匣)	Portemonnaie (paper - case) (설문지)		
잃어버리다 (kor.)	verlieren		
목적	Zweck, Absicht	目的	eye - target
몸 (kor.)	Körper		
되찾다 (kor.)	wiedererlangen		
건망증	Vergesslichkeit	健忘症/證	strong - forget - symptom/evidence
심하다	heftig	甚-	extremely -
독감	Grippe	毒感	poison - feel
유행(流行)	verbreitet (flow - go) (유음, 행사, 행동, 여행, 은행)		
예방(豫防)	Vorbeugung (beforehand - protect) (예매, 예습, 예약, 예정, 예감, 방법)		
주사	Spritze	注射	richten - shoot
(주사를) 맞다 (kor.)	(eine Spritze) bekommen		
환경(環境)	Umwelt (ring - boundary) (경우)		
문제	Problem	問題	ask - title
심각(深刻)	(tief)ernst, severe (deep - carve) (지각)		
지키다 (kor.)	schützen, verteidigen		
종이 (kor.)	Papier		
멀미 (kor.)	Bewegungskrankheit (차멀미, 비행기멀미)		
허리 (kor.)	Taille, Hüfte, Leibesmitte		
찜질 (kor.)	feuchter Umschlag		
야근	Nachtschicht	夜勤	night - diligent
세수(洗手)	das Gesicht waschen (wash - hand) (세탁, 세련, 식기 세척, 기수첩, 손수건, 실수, 세수, 박수)		
옷장	Kleiderschrank	-帳	-curtain
정리	An/Einordnung	整理	put in order - regulate
밀리다 (kor.)	stocken, im Rückstand sein		
빨래 (kor.)	laundry		
치료(治療)	Behandlung (govern - heal) (의료, 진료)		
예금(預金)	Spareinlage (beforehand - metal(money)) (요금, 현금, 금성)		
치과(齒科)	"Zahnheilkunde (tooth - subject) (치약, 충치, 칫솔, 교과서, 과목)"		
초대	Einladung	招待	invite - wait
충치(蟲齒)	fauler Zahn (worm, insect - tooth) (치약, 치과, 칫솔)		
병문안	Krankenbesuch	病問安	disease - ask - peaceful
들르다 (kor.)	to stop by		
선배(先輩)	ich bin seine Bitch (first - fellow) (선불, 후배)		
후배	er ist meine Bitch	後輩	after - fellow
언제나 (kor.)	stets, immer		
환자	Patient, Kranker	患者	anxiety - man
전염(傳染)	Infektion (transmit - infect) (전통, 전단)		
예방법(豫防法)	Vorbeugungsmaßnahme (beforehand - protect - law)		
코 (kor.)	Nase		
입 (kor.)	Mund		
만지다 (kor.)	berühren		
편식(偏食)	"einseitige Ernährung (incline, be biased - food) (편견, 식도, 식사량)"		
외출	draußen sein	外出	outside - come out
규칙적	regelmäßig	規則的	rule - norm, rule - target
가능하면	möglichst		
기침 (kor.)	Husten		
재채기	Niesen		
환절기	Wechsel der Jahreszeiten	換節期	exchange - joint - period of time, time limit
바이러스	Virus		
공기	Luft	空氣	empty - air
손발 (kor.)	Hände und Füße		
비비다 (kor.)	reiben		
노약자	Alte und Schwache	老弱者	old - weak - man
영양체	Nahrungsergänzungsmittel	營養體	manage - bring up - body
굶다 (kor.)	fasten, hungern		
살찌다 (kor.)	dick werden		
말다 (kor.)	aufhören mit		
지적하다	hinweisen	指摘-	finger - pick -
조절	Kontrolle	調節	adjust, harmonize - joint
예전에 (kor.)	früher		
달리다 (kor.)	laufen (joggen)		
귀찮다 (kor.)	lästig, leidig sein		
당장	auf der Stelle	當場	suitable - place
식사량(食事量)	Portion (food - business - measure) (양, 성량, 수량)		
과식(過食)	Völlerei (excess - food)		
신문	Zeitung	新聞	new - hear
수칙	Anweisung, Regel	守則	keep - norm, rule
최고	"""the best way ..."""	最高	most - high
굳이 (kor.)	hartnäckig, unbedingt		
줄이다 (kor.)	vermindern		
조미료(調味料)	Würze (adjust, harmonize - taste - materials) (조절, 강조, 조사, 취미)		
지방(脂昉)	Fett (grease - fat)		
영양	Nahrung	營養	manage - bring up
불균형	Unausgeglichenheit	不均衡	not - even - balance
냉동	Tiefkühl	冷凍	cold - freeze
스스로 (kor.)	von selbst		
수면(睡眠)	Schlaf (sleep - sleep)		
피로	Müdigkeit	疲勞	tired - work
풀리다 (kor.)	(ab, auf)lösen, z.B. Stress		
여유(餘裕)	Gelassenheit (remain - wealthy) ()		
영향(影響)	Einfluss, Wirkung (shadow - echo) (촬영)		
긍정	Bejahung, Affirmation	肯定	affirm - settle
적당하다	passen, taugen	適當-	suit - suitable
사라지다 (kor.)	verschwinden		
닫히다 (kor.)	sich schließen, zugehen		
바지 (kor.)	Hose		
마치다 (kor.)	fertigstellen		
가죽 (kor.)	Leder		
갚다 (kor.)	zurückgeben		
추측(推測)	Vermutung (push, expel - conjecture) (추천)		
교수	Professor	敎授	teach - give
연구(硏究)	Studium, Forschung (grind - examine, research) ()		
과목	Fachgebiet	科目	subject - eye
덕분	Wohlwollen, Gunst	徳分	ethics, morality, power, virtue - divide
가구	(Wohnungs)einrichtung	家具	house - equip
연습(練;錬習)	"Üben (practice;refine - study) (예습, 복습, 습관)"		
예습(豫習)	"Vorbereitung (beforehand - study) (예매, 예방, 예약, 예정, 예감, 연습, 복습, 습관)"		
복습(復習)	Wiederholung (recover - study) (반복, 예습, 연습, 습관)		
철저(徹底)	Gründlichkeit (penetrate - bottom) ()		
추천(推薦)	Empfehlung (push, expel - recommend) (추측)		
용돈(用-)	Taschengeld (use -) (용건, 신용 카드, 식용유, 비용, 응용)		
양복	Anzug	洋服	ocean/western - clothes
만년필(萬年筆)	Füller (many - year - writing brush) (만약, 연상, 연하, 필기)		
노트북	Laptop		
예정	Vorhaben	豫定	beforehand - settle
입학식	Schulanfangsfeier	入學式	enter - learn - rule (ceremony)
어울리다 (kor.)	passen, angemessen sein (z.B. Kleidung)		
구두 (kor.)	Schuhe		
색(깔)(色)	Farbe (color)		
정장(正裝)	Festkleidung (right - decorate) (정문, 정확, 장식, 포장)		
세련(洗練/鍊)	Veredelung, Rafinesse (wash - refine/grind, examine) (식기 세척기, 세탁, 세수)		
상대방	das Gegenüber	相對方	mutual - mutual, opposing, counter - square
우회(迂廻)	Umweg (roundabout way - turn) ()		
거절	refuse	拒絶	depend - sever
확실	Gewissheit	確實	certain - real
화가	Maler	畵家	picture - specialist
역시(亦是)	und auch (also - this, right) (혹시)		
닮다 (kor.)	ähneln		
소질	Veranlagung	素質	originally - character, quality, substance
전자 제품	electronic device	電子 製品	lightning - son - make - article
전원	Stromquelle	電源	lightning - source
단추 (kor.)	Knopf		
누르다 (kor.)	drücken		
고르다 (kor.)	auswählen		
요금(料金)	Gebühren (aufzählen - metal(money)) (무료, 현금, 예금, 금성)		
교환(交換)	Austauschen (mix, exchange - exchange) (환승, 환전, 환절기, 환불, 환율)		
저희 (kor.)	wir (höflich)		
실수(失手)	Versehen, Irrtum, Fehler (lose (vereiteln) - hand) (실례, 실망, 분실물, 실종신고, 수첩, 손수건, 선수, 세수, 수술, 박수)		
켜지다 (kor.)	anschalten		
영수증	Empfangsbescheinigung, Kassenzettel	領收證	command - gather - evidence
식탁(食卓)	Esstisch (food - high) (식도, 식사량)		
화장대	Schminktisch	化粧臺	change - make up - stand
서랍 (kor.)	Schublade		
서랍장 (kor.)	Kommode		
세탁기	Waschmaschine	洗濯機	wash - wash - machine
청소기	Staubsauger	淸掃機	clear - sweep - machine
선풍기	Ventilator	扇風機	fan - wind - machine
전기밥솥	elektrischer Reiskochtopf	電氣-	lightning - air -
전자레인지(電子-)	Mikrowelle (lightning - son - )		
식기 세척기(食器 洗滌器)	Geschirrspülmaschine (food - receptacle) (wash - wash - instrument) (세련, 세탁, 세수)		
가습기(加濕器)	Luftbefeuchter (add - wet - instrument) (가입, 습도, 사기)		
특징(特徵)	Merkmal (special, characteristic - summon) (특별히, 독특한, 특히)		
원목	aus Holz	原木	source, origin - tree
천 (kor.)	Stoff		
구입	Anschaffung, Kauf	購入	buy - enter
판매(販賣)	Verkauf (sell - sell) (매진, 예매)		
중고	gebraucht	中古	middle - old
재질	Materialqualität	材質	material - character, quality, substance
돌 (kor.)	Stein		
걸다 (kor.)	anrufen		
둥글다 (kor.)	rund		
후기	Review	後記	after - record
평(評)	Kritik (criticise, comment) (평가)		
작성자	Verfasser	作成者	compose, write - finish - man
작성일	Erstellungsdatum	作成日	compose, write - finish - day
평가(評價)	Bewertung (comment, criticise - value) (평, 물가)		
만족	Zufriedenheit	滿足	full - satisfy
긁다 (kor.)	kratzen, scharren		
반복	Wiederholung	反復	repeat - recover
배달원	Liefermensch	配達	distribute - send - Personal
아쉽다 (kor.)	bedauern, leider		
~스럽다 (kor.)	to be ~, to look ~, to seem ~ (-ly)		
강력	mächtig, stark	强力	strong - power
대체로	im Allgemeinen, im Großen und Ganzen	大體-	big - body -
촌스럽다(村-)	dörflich, altmodisch (village -) ()		
재대로 (kor.)	richtig, korrekt		
계산	(Be)rechnung	計算	count, calculate - count
모양(模/貌樣)	Form, Gestalt (pattern/appearance - style) (외모, 다양하다)		
환불(還/換拂)	"Rückerstattung (return/exchange - brush away) (선불, 지불, 換: 교환, 환절기, 환승, 환전, 환율, 還: 귀환)"		
가전제품	elektrische Haushaltsgeräte	家電製品	house - lightning - make - article
냉동실	Tiefkühlfach	冷凍室	cold - freeze - room
냉장실	(nicht Tief)kühlfach	冷藏室	cold - hide - room
설거지 (kor.)	(Geschirr) Abwasch		
습도	Feuchtigkeit	濕度	wet - degree
건조(乾燥)	Vertrocknen, Trockenheit (dry - dry) ()		
느리다 (kor.)	langsam		
청과물	Gemüse und Obst	靑果物	blue - fruit - goods
수산업	Fischerei	水産業	water - product - business
의류	Kleider, Anziehsachen	衣類	clothes - class
모리 모양	Frisur		
차리다 (kor.)	vorbereiten, fertig machen		
인상착의	appearance	人相着衣	man - appearance - attach - clothes
옷차림 (kor.)	Kleidung		
내내 (kor.)	dauernd, ohne Unterbrechung		
어쨌든 (kor.)	jedenfalls		
움직이다 (kor.)	sich rühren, sich bewegen		
눈치	Schnellmerker (aber wirklich)		
진료(診療)	Behandlung (examine - heal) (청진기, 의료, 치료)		
근육(筋肉)	Muskeln (muscle - meat)		
경기	Sport, Wettbewerb	競技	compete - skill
농구(籠球)	Basketball (bamboo basket - ball) (축구, 야구)		
선수(選手)	Spieler (select - hand) (선택, 선호, 수첩, 손수건, 실수, 세수, 박수)		
날씬하다 (kor.)	schlank, anmutig		
인형	Puppe	人形	man - form
운동화	Sportschuhe	運動靴	move, transport - move - shoes
면(綿)	Baumwolle (cotton)		
꽃다발 (kor.)	Blumenstrauß		
넥타이	Krawatte		
매다 (kor.)	(an-, um-)binden, befestigen		
마중 (kor.)	Abholen (z.B. vom Flughafen)		
영화배우(映畵俳優)	Filmschauspieler (reflect - picture - actor - actor)		
다행	Glück as in lucky	多幸	many - fortunate
긴팔 (kor.)	langärmelig		
쌍둥이	Zwilling	雙-	pair, couple, double -
쉬다 (kor.)	(aus)ruhen, Pause machen		
쉽다 (kor.)	einfach, leicht		
네모나다 (kor.)	viereckig		
동그랗다 (kor.)	kreisförmig		
장례식	Beerdigung	葬禮式	bury - etiquette - ceremony
계절	Jahreszeit	季節	season - joint
분실물(紛失物)	verlorene Sache (confused - lose - goods) (실사, 실종신고, 물가)		
미아(迷兒)	verlaufenes Kind (charm, bewitch - child) (고아원)		
찾아가다 (kor.)	besuchen (ein Büro), vorsprechen		
주머니 (kor.)	Tasche im Sinne von pocket		
장식(裝飾)	Verzierung (decorate - decorate) (정장, 포장)		
손수건	Stofftaschentuch	-手巾	- hand - towel
교실	Klassenzimmer	敎室	teach - room
묘사(描寫)	Darstellung, Schilderung (draw - copy) (사진, 복사)		
즉시	sofort, gleich	卽時	namely - time
어깨 (kor.)	Schulter		
메다 (kor.)	schultern, auf den Schultern tragen		
꼬리 (kor.)	Schwanz		
방울 (kor.)	Glöckchen		
리본	Band, Streifen		
데리다 (kor.)	mitnehmen		
지퍼	Reißverschluss		
배웅하다 (kor.)	сопровождать		
질투(嫉妬)	Eifersucht, Neid (envy - jealousy) ()		
일란성 쌍둥이	eineiige Zwillinge	一卵性 雙-	one - egg - sex, gender - pair
이상형	Idealtyp	理想型	regulate - imagine - model
활발(活潑)	Tätigkeit, Aktivität (lebendig - sprinkle) (활동, 생활)		
상관없다(相關-)	egal sein (mutual - bolt -) (상대방, 상담, 인상착의, 관련)		
다만 (kor.)	however		
실망(失望)	Enttäuschung (lose - hope) (실수, 실례, 분실물, 실종신고, 희망)		
말이 통하다(通-)	ein Gespräch führen (pass through -) (통로, 교통, 통역)		
나누다 (kor.)	dividieren, auch teilen (eine Mahlzeit)		
판단(判斷)	Urteil (judge - cut off) ()		
기타 (kor.)	außerdem, Weiteres		
올해 (kor.)	dieses Jahr		
춤추다 (kor.)	tanzen		
구체적	konkret, spezifisch	具體的	equip - body - target
야구	Baseball	野球	field - ball
돌잔치 (kor.)	Fest zum 1. Geburtstag		
이날 (kor.)	dieser Tag		
잔치 (kor.)	Feier, Fest		
장래	Zukunft	將來	general(?) - come
조카 (kor.)	Neffe		
부자	ein reicher Mensch	富者	rich - man
청진기(聽診器)	Stethoskop (hear, listen - examine - instrument) (진료, 사기, 가습기)		
야유회	Ausflug	野遊會	field - play - meet
구하다(求-)	bitten (seek -) (요구)		
기본	Grundlagen, Basics	基本	base - origin
햇볕 (kor.)	Sonnenschein		
지다 (kor.)	unterliegen, untergehen, verblühen, versinken		
쌀쌀하다 (kor.)	kühl		
동의	Zustimmen	同意	same - meaning
해돋이 (kor.)	Sonnenaufgang		
일출	Sonnenaufgang	日出	sun - come out
일몰	Sonnenuntergang	日沒	sun - sink
삼각형(三角形)	Dreieck (three - horn - form) (인형)		
원(圓)	Kreis (round)		
네모 (kor.)	Viereck		
동그라미 (kor.)	Kreis		
단락	Absatz	段落	stair - fall down
계단	Treppe	階段	stairs - stairs
자동판매기, 자판기	Verkaufsautomat	自動販賣機	self - move - sell - sell - machine
자신(自信)	"Selbstbewusstsein (self - trust) (신용 카드, 신호등, 자동차, 자전거, 자초지종, 자존심, 자신)"		
보름달 (kor.)	Vollmond (초승달, 반달)		
반달	Halbmond	半-	half -
초승달	Neumond	初生-	beginning - be born - 
빌다 (kor.)	sich wünschen		
연휴(連休)	mehrere freie Tage hintereinander (connect - rest) (휴가)		
첫날 (kor.)	erster Tag		
탈춤 (kor.)	Maskentanz		
실례(失禮)	Unhöflichkeit (lose - etiquette) (실망, 실수, 실종신고, 장례식)		
실례	Beispiel	實例	real - example
예식장	designierter Festraum	禮式場	etiquette - ceremony - place
자료	Material	資料	wealth - materials
보고서	Bericht	報告書	report - tell - writing
작성	verfassen, anfertigen	作成	compose, write - finish
사항(事項)	particulars, matters, facts (business - item) (기사)		
연고(軟膏)	Salbe (soft - fat) ()		
바르다 (kor.)	auftragen (Salbe)		
상처	Wunde	傷處	injure - place
근처	nahe Umgebung	近處	near to - place
애완(愛玩)	Vorliebe, Lieblings- (love - enjoy)		
동물	Tier	動物	move - goods
약사(藥師)	Apotheker (drug - teacher) (약국, 의사, 교사, 간호사)		
연장(延長)	Verlängerung (z.B. Visum) (delay - long) (사장, 장점)		
우표	Briefmarke	郵票	mail - ticket
도장	Stempel, Siegel	圖章	picture - chapter
재학	das Studentsein	在學	exist - learn
증명서	Bescheinigung	證明書	evidence - bright, clear - write
부족	Mangel, Defizit	不足	not - satisfy
대신	Ersatz	代身	interchange - body
전부	alles (alle Teile)	全部	perfect - group
우체국(郵遞局)	Postamt (mail - replace, change - bureau) (우표, 약국)		
도중	unterwegs	道中	road - middle
환전(換錢)	"Geld tauschen (exchange - money) (환승, 환절기, 환불, 환율, 교환, 환산)"		
전등	elektrisches Licht	電燈	lightning - lamp
치약(齒藥)	Zahnpasta (tooth - medicine) (치과, 칫솔, 충치, 약사)		
닦다 (kor.)	(Zähne) putzen		
촛불 (kor.)	Kerzenlicht		
모자라다 (kor.)	mangeln (wie 부족하다)		
평균	Durchschnitt	平均	flat, calm - even
남기다 (kor.)	übrig lassen, hinterlassen		
악몽(惡夢)	Alptraum (bad - dream)		
지루하다 (kor.)	langweilig werden (일이 있을 때)		
반응	Reaktion	反應	repeat - respond
응하다	erwidern, annehmen	應-	respond -
방금	jetzt eben	方今	square - now
지금(只今)	jetzt (only - now) (방금)		
사장	Direktor	社長	society - long
검토(檢討)	überprüfen, durchsehen (inspect - attack) (검색, 토론)		
단어	Wort	單語	single - words
서명	Buchtitel	書名	write - name
저자	Autor	著者	manifest (entstehen) - man
출판사	Verlag	出版社	come out - block (book) - society
전체	Gesamtheit, das Ganze (für unzählbare Dinge)	全體	perfect - body
검색(檢索)	Suche (inspect - seek) (검토, 색인, 색출하다)		
복사(複寫)	Kopie (double - copy) (복잡하다, 복도, 사진, 묘사)		
시작	Start, Beginn	始作	begin - make
손님 (kor.)	Gast, Besucher, Kunde		
대접	Bewirtung	待接	wait - connect
집들이 (kor.)	housewarming party		
현금 인출기	Geldautomat	現金引出機	show, appear - metal(money) - draw, pull - come out - machine
발급하다	ausstellen (eine Karte)	發給	send out - geben
의지	Wille	意志	meaning - intention
부동산	Immobilien	不動産	not - move - product
인도	Gehweg	人道	man - road
식도(食道)	Speiseröhre (food - road) (편식, 복도, 도중)		
부전공	Nebenfach	副專攻	secondary - exclusively - attack
쏟다 (kor.)	verschütten		
서점	Buchladen	書店	writing - shop
구석 (kor.)	Ecke, Winkel 		
약속	Versprechen, Vereinbarung	約束	promise - bind
식당(食堂)	Restaurant (food - hall) (과식, 식도, 식사량, 식탁, 식혜, 정식, 편식)		
금지	Verbot	禁止	forbid - stop
생활	Leben, Lebensumstände	生活	be born - lebendig
색인(索引)	Index, Verzeichnis (inspect - draw, pull) (검색, 현금 인출기)		
색출(索出)	Herausfinden, expose (seek - come out) (검색, 외출, 일출, 출근, 출발, 출장, 출퇴근, 출판사, 현금 인출기)		
독일(獨逸)	Germany (alone - easy) (독특한)		
자전거(自轉車)	"Fahrrad (self - roll - cart) (자동차, 자신, 자초지종, 자존심, 운전하다, 열차, 주차)"		
열쇠 (kor.)	Schlüssel (open - metal)		
부끄럽다 (kor.)	sich genieren		
식용유	Speiseoel	食用油	food - use - oil
향신료(香辛料)	Gewürze (fragrance - bitter - materials) (향, 향수, 요리, 음료수, 자료, 재료, 조미료)		
목표	goal, objective	目標	eye - check, mark
원숭이 (kor.)	Affe		
통역	Dolmetschen	通譯	pass through - translate
습관(習慣)	Gewohnheit (study - accustomed) (복습, 연습, 예습)		
교과서	Lehrbuch	敎科書	teach - subject - writing
젊다 (kor.)	jung, jugendlich		
적다 (kor.)	aufschreiben; klein, wenig (Anzahl)		
주소	Adresse	住所	hausen, verweilen - place
상상	Imagination	想像	imagine - shape
문장	Satz, a written composition	文章	writing - chapter
하루 (kor.)	1 Tag		
이틀 (kor.)	2 Tage		
나흘 (kor.)	4 Tage		
닷새 (kor.)	5 Tage		
엿새 (kor.)	6 Tage		
이레 (kor.)	7 Tage		
여드레 (kor.)	8 Tage		
아흐레 (kor.)	9 Tage		
열흘 (kor.)	10 Tage		
언어	Sprache	言語	words - words
창문	Fenster	窓門	window - gate
열차(列車)	Zug (arrange - cart) (자전거, 주차)		
무화과	Feige	無花果	nothing - flower - fruit
신부(新婦)	Braut (new - daughter in law) (신랑, 신문, 신입생)		
여명	Tagesanbruch	黎明	black - bright
음치(音癡)	unmusikalischer Mensch (sound - foolish) (비음화, 녹음)		
시골 (kor.)	countryside		
주말(週末)	Wochenende (week - end) (단말기)		
신랑(新郞)	Bräutigam (new - lad (Bursche, Typ)) (신문, 신입생, 신부)		
망설이다 (kor.)	zögern		
상태	Zustand, Verhältnisse	狀態	form - attitude
나타내다 (kor.)	ausdrücken, auftauchen, indicate		
작다 (kor.)	klein, wenig (Größe)		
수업	Unterricht	授業	give - business
기숙사(寄宿舍)	Wohnheim (send - lodge - house) (숙박비, 숙소)		
농담(弄談)	Scherz (play with - talk) (경험담, 상담)		
두다 (kor.)	(sein) lassen, hinlegen		
거지 (kor.)	Bettler		
연하	Jüngersein (als)	年下	year - below
연상	Ältersein (als)	年上	year - above
자초지종	the whole story	自初至終	self - beginning - reach - end
자존심	Selbstachtung, Ehre	自尊心	self - respect - heart
용서(容恕)	verzeihen, vergeben (face, form - pardon, forgive) (내용, 미용실)		
기분	Stimmung, Befinden	氣分	air - divide
생리	Physiologie (Periode)	生理	be born - regulate
학생	Schüler	學生	learn - be born
비용	Kosten, Ausgaben	費用	spend - use
부담	Bürde, Last	負擔	bear - bear
신경	Nerv(en)	神經	god - pass through
남자답다	männlich	男子-	Mann - son
식초(食醋)	Essig (food - vinegar) ()		
교회	Kirche	敎會	teach - meet
연기(煙氣)	Rauch, Qualm	煙氣	rauchen - air
성공	Erfolg	成功	accomplish - merits
환율(換率)	"Wechselkurs (exchange - ratio) (교환, 환불, 환승, 환전, 환절기, 환산)"		
시대	Zeitalter, Epoche	時代	time - interchange
칫솔	Zahnbuerste	齒-	tooth -
꼬르륵	Geräusch eines knurrenden Magens		
짭짭	Schmatzgeräusch		
쩝쩝	Schmatzgeräusch		
후루룩	Nudelschlürfgeräusch		
냠냠	Mjam mjam		
흑흑	Schluchzgeräusch		
엉엉	Weingeräusch		
캬아	Geräusch nach einem Shot starken Alkohols		
따르릉	Klingelgeräusch		
두근두근	Herzklopfgeräusch		
인쇄	Drucken	印刷	print, seal, stamp - print
낮추다 (kor.)	senken, herablassen		
보험	Versicherung	保險	protect - narrow pass, dangerous
우주(宇宙)	cosmos, space (house - house)		
제대	Entlassung aus der Armee, Ausdienen	除隊	deduct - (z.B. Rassel-)Bande
수량	Quantität	數量	count - measure
단위(單位)	(Maß)einheit (single - position) (간단하다, 단어, 단, 전단)		
경우(境遇)	(Im) Fall (von) (boundary - meet) (환경)		
열정	Leidenschaft	熱情	hot - sentiment
표정	(Gesichts)ausdruck	表情	surface, outside, external - sentiment
비키다 (kor.)	aus dem Weg gehen, Platz machen		
욕심	Gier	慾心	greed - heart
헷갈리다 (kor.)	verwechseln		
딸꾹질 (kor.)	Schluckauf (Schluckaufgeräusch - the act of doing)		
일단	sobald, zuerst	一旦	one - morning
관세(關稅)	Zoll (bolt - tax) (상관, 관계, 관련, 관심, 면세점)		
잠그다 (kor.)	mit Schloß verschließen		
의사(醫師)	Arzt (doctor - teacher) (의료, 약사, 교사, 간호사)		
의료(醫療)	medical (doctor - heal) (의사, 치료, 진료)		
결혼	Hochzeit	結婚	join - marriage
청바지	Jeans	靑-	blue - pants
목록	Liste	目錄	eye - record
전화	Telefonieren	電話	lightning - talk
조명	Lampe	照明	illuminate - bright
접시 (kor.)	Teller		
걱정(kor.)	Sorge		
신호등	Ampel	信號燈	trust - shout - lamp
도배(塗褙)	Tapezieren (malern - Tapete) ()		
던지다 (kor.)	werfen		
귀환	Rückkehr	歸還	come back - return
선불(先拂)	Bezahlung im Voraus (first - brush away) (선배, 환불, 지불)		
피부(皮膚)	Haut (skin/leather - skin) ()		
미안	regrettable	未安	not - peaceful
안녕	Frieden, Ruhe	安寧	peaceful - peaceful
지불(支拂)	das Bezahlen (support - brush away) (환불, 선불)		
깜빡이 (kor.)	Blinker		
면도	Rasieren	面刀	face - knife
면상	Gesicht	面上	face - above
속도	Geschwindigkeit	速度	quick - degree
군대(軍隊)	Armee (military - (z.B. Rassel-)bande) (제대)		
음력	Mondkalender	陰曆	shade - calendar
냉이 (kor.)	Hirtentäschel		
필요성(必要性)	Notwendigkeit (right away - important - nature, character) (중요하다, 요구, 주요, 성격, 성관계)		
명칭	offizieller Name	名稱	name - call, declare
환산(換算)	"umrechnen (exchange - count) (환승, 환전, 환불, 환율, 교환, 계산)"		
기원	Ursprung, Anfang	起原/源	rise, stand up, begin - source, origin
산업	Industrie	産業	product - business
규격	Standard, Norm	規格	rule - pattern, character
과자(菓子)	Snack, candy (fruit - son) (자음, 남자, 의자)		
의미	Bedeutung	意味	meaning - taste
기적(奇蹟)	Wunder (strange - trace) (호기심, 유적지)		
통일	Unification	統一	govern - one
호기심	Neugierde	好奇心	good - strange - heart
사과	Apfel	沙果	sand - fruit
사기(沙器)	Porzellan, Tonware, Keramik (sand - instrument) (사과, 청진기, 식기, 가습기)		
음성(音聲)	Stimme (sound - voice) (성량, 성악)		
성량(聲量)	Lautstärke der Stimme (voice - measure) (음성, 양, 식사량, 수량)		
음악(音樂)	Musik (sound - pleasure, music) (성악)		
성악(聲樂)	vocal music (voice - pleasure, music) (성량, 음성, 음악)		
언급	Erwähnung, Referenz, Allusion	言及	words - reach
미치다 (kor.)	(er)reichen, sich erstrecken		
인하다	sich gründen, stützen auf	因-	cause -
화급	dringend	火急	fire - urgent
방면	Richtung	方面	square - face
박수	Applaus	拍手	clap - hand
원래	eigentlich, ursprünglich, von Natur aus	元/原來	原: source, origin 元: principal - come
혁명(革命)	Revolution (improve, correct - life) ()		
생강	Ingwer	生薑	be born - ginger
지진	Erdbeben	地震	earth - thunder
발견	Entdeckung	發見	send out - see
시계	Uhr	時計	time - count, calculate
입술 (kor.)	Lippe		
요구(要求)	demand (important - seek) (필요하다, 중요하다, 주요, 구하다)		
수강	eine Vorlesung besuchen	受講	receive - darlegen, erklären
천재	Genie	天才	heaven - talent
괴물(怪物)	Monster (weird - goods) (동물, 건물, 물가, 박물관)		
바늘 (kor.)	Nadel		
도둑 (kor.)	Dieb		
유가족	hinterlassene Familie	遺家族	leave behind - house - tribe
편견	Vorurteil, Bias	偏見	incline, be biased - see
감사	thanks, gratitude	感謝	feel - thank
성관계	Geschlechtsverkehr	性關係	sex, gender - bolt - relate
방해	disturbance, hindrance	妨害	hinder - harm
피해	damage, injury, harm	被害	suffer - harm
죄송	sorry, regrettable	罪悚	sin - fear
은행	Bank	銀行	silver - go, move
간호사	Krankenschwester	看護師	watch - guard - teacher
퇴직	retire	退職	retreat - official duty
어색하다	awkward	語塞	words - blocked
예감	(Vor)ahnung	豫感	beforehand - feel
유학	Studieren im Ausland	留學	stay - learn
실력	Fähigkeit, Kompetenz	實力	real - strength, power
칭찬	praise, admiration	稱讚	call, declare - praise
공감	Mitgefühl	共感	together - feel
무대	Bühne	舞臺	dance - stand
평일	Werktag	平日	flat, calm - day
고치다 (kor.)	korrigieren, verbessern		
그때그때	immer wenn, whenever		
응용	(practical) application, practice	應用	respond - use
서투르다 (kor.)	ungeschickt		
의자	Stuhl	椅子	chair - son
단	nur	單	single
우습다 (kor.)	komisch		
의심	Zweifel, Verdacht	疑心	doubt - heart
범인	Verbrecher; Verdächtiger	犯人	offend - person
차이	Unterschied	差異	difference - different
약간	somewhat, a few	若干	like - shield
만약	wenn, falls	萬若	many - like
외우다 (kor.)	auswendig lernen		
의무	Pflicht	義務	righteous - endeavour
궁리	consideration, contemplation	窮理	exhausted - regulate
전단	leaflet	傳單	transmit - single
초안	Entwurf	草案	grass, Stroh - table, file
짜다 (kor.)	zusammensetzen, erstellen; salzig; wringen, squeeze		
방식	Verfahren, Methode	方式	square - rule, ceremony
주변	Umkreis	周邊	round - edge
실종신고	Vermisstenanzeige	失踪申告	lose - trace - report - tell
뒤지다 (kor.)	durchsuchen		
붙잡다 (kor.)	fangen, fassen, ergreifen		
질문	Frage	質問	character, quality, substance - ask
원어민	Muttersprachler	原語民	source, origin - words - Volk
생성	erstellen (z.B. Verzeichnis)	生成	be born - accomplish
금성	Venus	金星	metal (money) - star
천문학	Astronomie	天文學	heaven - writing - learn
천사	Engel	天使	heaven - messenger
심지어	worst of all	甚至於	extremely - reach - /interjection/
유치원	Kindergarten	幼稚園	infantile - young - garden
수준	level, standard	水準	water - rule
-투성이	covered with, full of		
인간	Mensch	人間	person - interval
존재	Geschöpf, Existenz	存在	exist - exist
소소하다	trivial, insignificant	小小-	small - small - 
별의별	of various and unusual sorts	別-別	different - - different
주위	Umgebung	周圍	round - surround
말끔	utterly, completely		
해소	Auflösung, Annullierung	解消	explain - extinguish
마찬가지	거의 같은 상태인 것, sameness		
듯이	as if, as though, like		
유식	educated, well-informed	有識	exist - know, recognize
만끽	enjoy, marvel	滿喫	full - eat
바라다	hope, wish, desire		
인체	human body	人體	human - body
관하다	concern, be about, refer to	關-	bolt -
별나다	eccentric, queer	別-	different -
지식	knowledge, information	知識	know - know, recognize
온도	Temperatur	溫度	warm - degree
학술적	wissenschaftlich	學術的	learn - Kunstfertigkeit
신체	Körper	身體	body - body
주요	principal, main	主要	lord - important
내장	internal organs	內臟	inside - inner organ
우연	chance, accident	偶然	couple - certainly
변화	change, mutation	變化	change - change
얻다 (kor.)	get, acquire, obtain		
담당	Zuständigkeit	擔當	bear - suitable
솔직	straightforwardness	率直	lead - straight
오해	Missverständnis	誤解	mistake - explain
이해	Verstehen	理解	regulate - explain
해결	settle, solve	解決	explain - decide
정의	Definition	定義	settle - righteous
조건	Bedingung	條件	article - article (thing)
이론	Theorie	理論	regulate - discuss
저질	low quality, oft im Scherz	低質	low - character, quality, substance
소나기	Schauer		
섭씨	Celsius	攝氏	hold up - family name
미지수	Unbekannte, x	未知數	not - know - count
유래	Herkunft	由來	cause - come
지극	äußerst, höchst	至極	reach - extreme, utmost
논리	Logik	論理	discuss - regulate
깨닫다	realize		
방정식	Gleichung	方程式	square - schedule - ceremony
극도	Maximum, extreme	極度	extreme, utmost - degree
명백	offensichtlich, klar	明白	bright, clear - white
공학	Engineering, Technology	工學	artisan - learn
서력	westlicher (gregorianischer) Kalender, christliche Zeitrechnung	西曆	west - calendar
세기	Jahrhundert	世紀	world - period
과정	(Lehr)kurs	課程	work - schedule
좌석	Sitzplatz	坐／座席	sit / seat - seat
등유	Petroleum	燈油	lamp - oil
휘발유	Benzin	揮發油	shake - send out - oil
경유	Diesel	輕油	leicht - oil
재혼	Re-marriage	再婚	again - marriage
이혼	Scheidung	離婚	abreisen - marriage
정류소	Haltestelle	停留所	stay - stay - place
각종	alle mögliche, sonstige	各種	each - kind
실험	Experiment	實驗	real - examine
증명	Beweis	證明	evidence - bright, clear
표준어	Standard-, Hochsprache	標準語	check, mark - rule - words
위로	Trost	慰勞	comfort - work
뿌듯하다	stolz (auf sich selbst)		
안타깝다	leid tun		
속상하다	bedrückt sein	속-傷	- injure
섭섭하다	bedauernswert sein		
편찮다	(높) 아프다	便-	convenient -
이별	Trennung, Abschied	離別	abreisen - different
차다	stoßen, treten		
당하다	erleiden	當-	suitable
상	Prize	賞	reward
망신	Schande	亡身	ruin - body
기운	(Lebens-)kraft		
어깨를 토닥이다	auf die Schulter klopfen		
핵심	Kernpunkt, Pointe, Quintessenz	核心	seed - heart
논문	Abhandlung, Dissertation	論文	discuss - writing
청첩장	Hochzeitseinladungsbrief	請牒狀	request - letter - letter
미소	Lächeln	微笑	tiny - laugh
복권	Lotterie	福券	blessing - document
행복	Glücklichkeit	幸福	fortunate - blessing
불평	sich beschweren, sich beklagen	不平	not - flat, calm
국기	Nationalflagge	國旗	nation - flag
오직	merely, simply		
곱빼기	doppelt so große Portion		
단속	Kontrolle, Beaufsichtigung	團束	mass - bind
박사	(wiss.) Doktor	博士	extensive - scholar
반칙	Foul, Regelverletzung	反則	repeat - norm, rule
선반	shelf, rack	-盤	- tray
긋다	draw, strike		
잇다	join, continue		
어차피	sowieso		
계정	Konto (Facebook)	計定	count, calculate - settle
계좌	(Bank)konto	計座	count, calculate - sit/seat
곱하다	multiplizieren		
귀성	(z.B. Eltern) zu Hause besuchen	歸省	come back - visit (esp. elders)
더하다	addieren, mehr werden		
동거	zusammen wohnen	同居	same - live
동기	gleicher Jahrgang	同期	same - period of time, time limit
모시다	(be)dienen		
목재	Holz (Material)	木材	tree - material
배경	Hintergrund, Szene(rie)	背景	back - scenery
소문	Gerücht	所聞	place/thing - hear
전방	(50m) weiter (vorne)	前方	front, first - direction
절대	absolut	絶對	sever - mutual, opposing, counter
띄우다	Platz lassen		
바구니 (kor.)	Korb		
감속	Geschwindigkeitsreduzierung	減速	decrease - quick
건축	construction, building, erection	建築	build - build
경영	administration, operation, running (school, business)	經營	pass through - manage
계발	Erleuchtung, Entwicklung	唘發	enlighten - send out
귀경	return to Seoul (to the capital)	歸京	come back - capital
감지	Wahrnehmung, becoming aware	感知	feel - know
날개	Flügel, Tragfläche		
단백질	Protein, Eiweiß	蛋白質	bird's egg - white - character, quality, substance
당류	sugars	糖類	sugar - class
대표	repräsentieren	代表	interchange - surface, outside, external
마술	Magie	魔術	evil spirit - Kunstfertigkeit
시도	Sichtbarkeit, Sichtweite	視度	look at - degree
시도	Versuch, trial, attempt	試圖	test - picture
중순	die mittleren 10 tage	中旬	middle - ten days
진입	Ein-, An-, Zufahrt, Eintritt	進入	move forward - enter
반지	(finger) ring	半/斑指	half/Fleck - finger
해외	Ausland	海外	sea - outside
고통	pain	苦痛	bitter - pain
자라다 (kor.)	großziehen		
본인	diejenige Person	本人	origin - person
타인	andere Person(en)	他人	other - man
지칭	nennen, refer to .. as	指稱	finger - call, declare
부친	der eigene Vater	父親	father - intimate
구분	distinguish	區分	partition - part
마르다	trocknen		
분수대	Wasserfontäne	噴水臺	spout - water - stand
일부	ein Teil	一部	one - group
파도	Welle	波濤	wave - wave
부서지다	(zer)brechen		
뜨다	float		
수평선	Wasser-Horizont	水平線	water - flat, even - line
지평선	Land-Horizont	地平線	earth - flat, even - line
객실	Raum (für einen Gast, z.B. Hotel)	客室	guest - room
척	Zählwort: Schiff/Boot	隻	single, one of a pair
호랑이	Tiger	虎狼-	tiger - wolf -
충족	erfüllen (eine Bedingung)	充足	full - satisfy
(어깨가) 결리다	einen stechenden / bohrenden Schmerz (in der Schulter) verspüren		
(목이) 뻐근하다	(Hals) steif sein		
유지	maintain, keep	維持	preserve - hold
젖히다	bend/pull backward		
숙이다	bow, bend forward		
게시판	Schwarzes Brett	揭示-	lift up - exhibit -
ein Gähnen	하품		
sich strecken	기지개를 켜다		
Spielplatz	놀이터		
추억	a (sad, happy) memory, Erinnerung	追憶	follow, pursue - recall
기억	Gedächtnis, remember	記憶	record - 
체육	Sport(unterricht)	體育	body - educate
교육	Education	敎育	teach - educate
인칭	Person (gramm.)	人稱	man - call, declare
책임	Verantwortung	責任	responsibility - (take) charge
회상하다	zurückblicken, sich in Erinnerung rufen	回想-	return - imagine
고등 (학교)	senior high (school)	高等	high - rank, grade
소풍	Picknick	逍風	gemächlich, gelassen - wind
짝	Gegenstück, one of a pair		
담임	(a teacher in) charge	擔任	bear - (take) charge
그립다	vermissen		
정	Gefühle (für jmd. haben)	情	sentiment
인상	Eindruck, Impression	印象	print, seal, stamp - appearance
후회	regret	後悔	after - regret
낭비	verschwenden	浪費	reckless, wasteful - spend
충분히	genug	充分-	full - divide
동창	classmate	同窓	same - window
괴롭다	painful, distressed		
꾸미다	sich ausdenken; pretend		
부럽다	neidisch sein		
짝사랑	nicht erwiderte Liebe		
시절	(die alten) Tage	時節	time - joint
용기	Mut	勇氣	brave - air
고백	confession	告白	tell - white
구두쇠	Geizhals, Knauser		
경치	scene(ry), view	景致	scenery - send, present
거울	Spiegel		
낳다	hervorbringen, gebären		
혹은	or	或-	or -
일생	one's lifetime	一生	one - be born
배탈	stomach disorder		
꼼꼼히	sorgfältig		
회계사	accountant	會計士	meet - calculate - scholar
그네	Schaukel		
시소	Wippe		
무척	einigermaßen, ziemlich		
공무원	Beamter	公務員	public - endeavour - Personal
근무	Dienst	勤務	diligent - endeavour
시야	Blickfeld, Sicht (die ~ ist gut)	視野	look at - field
안정	stabil	安定	peaceful - settle
재능	talent	才能	talent - to be able
직진	sich geradeaus vorwärts bewegen	直進	straight - move forward
동화	Märchen	童話	child - talk
삭제	Löschen, Streichen	削除	cut - deduct
작별	Abschiednahme	作別	finish - different
늘	always, as always, usually		
그치다	stop, cease (rain, snowfall)		
기후	Klima	氣候	air - weather
채우다	füllen		
현실	Wirklichkeit	現實	show, appear - real
순우리말	reines Koreanisch	純-	pure -
안개	Nebel		
걷히다	sich aufklären, aufheitern		
영하	sub-zero	零下	zero - below
무더위	heißes, feuchtes Wetter		
강추위	strenger Frost		
폭우	Starkregen	暴雨	violent - rain
폭설	starker Schneefall	暴雪	violent - snow
폭풍	Sturm	暴風	violent - wind
일교차	Minimum und Maximum im Tagesverlauf	日較差	day - compare - difference
비교	Vergleich	比較	compare - compare
노인	alter Mensch	老人	old - man
홍수	Hochwasser	洪水	flood - water
태풍	Taifun	颱風	storm - wind
우박	Hagel	雨雹	rain - hail
기업	company, business, corporation, enterprise	企業	plan - business
따위	usw., etc		
신호	Signal	信號	trust - shout
실시간	Echtzeit	實時間	real - time - interval
절전	Energiesparen	節電	joint - lightning
절약	Sparsamkeit	節約	joint - promise
조심	Vorsicht	操心	grasp, operate - heart
무역	Handel	貿易	trade - exchange
난이	schwer und leicht	難易	hard - easy
도통	insgesamt, vollständig	都統	all - govern
염려	Sorge	念慮	think - consider
참석	attendance, participation	參席	participation - seat
치우치다	lean, incline, slant, be biased		
인정	zugeben, akzeptieren	認定	recognize - settle
여태	bisher, bis jetzt		
투표	Stimme, Wahl	投票	throw - ticket
양보	nachgeben	讓步	concede - walk
달성	achieve, accomplish	達成	complete, finish - accomplish
승리	Sieg	勝利	win - benefit
응원	Hilfe, Beistand	應援	respond - rescue, help
천상	Himmel, Paradies	天上	heaven - above
연기	Schauspiel	演技	perform - skill
돋보기	Lupe		
장면	Szene, Auftritt	場面	place - face
중점	Fokus	重點	heavy - dot
최초	allererste	最初	most - beginning
현명	weise	顯名	appear - name
도피	Flucht	逃避	escape - avoid
난폭	violent, wild	亂暴	disorder, chaos - violent
대피소	shelter	待避所	wait - hide - place
명품	a fine article, a masterpiece	名品	name - article
압력	Druck (pressure)	壓力	pressure - strength, power
쥐구멍	Mauseloch		
자원	Ressourcen	資源	wealth - source
효과	Effekt	效果	effect - fruit
자격	Qualifikation, Zertifikat	資格	wealth - pattern, character
동원	mobilization	動員	move - Personal
생존	lebendig	生存	be born - exist
간통	Ehebruch, Seitensprung	姦通	adultery - pass through
폐지	Abschaffung	廢止	abolish, abandon - stop
보수적	konservativ	保守的	protect - keep - target
표지판	Schild	標識板	check, mark - record, register - board
기사	Fahrer	技士	skill - scholar
칠흑	pitch-black	漆黑	Lack - black
게다가	außerdem, in addition, besides		
제작진	(film) crew	製作陣	make - make - Formation
적외선	Infrarotstrahlen	赤外線	red - outside - line
어느새	unbemerkt, ehe man sich versah		
잠입	eindringen, infiltrieren	潛入	dive - enter
본격적	actual, real, full-scale	本格的	origin - pattern, character - target
고소 공포증	Höhenangst	高所恐怖症	high - place - fear - fear - symptom
극복	überwinden, conquer	克服	overcome - obey, submit (oneself) to
체계	System	體系	body - connect
주입식	cramming method, Auswendiglernen-Methode	注入式	richten - enter - rule, ceremony
장벽	Mauer	障壁	obstruct - wall
문학	literature (as an art form)	文學	writing - learn
연구실	study room, laboratory	硏究室	grind, examine - research - room
요구	demand	要求	important - seek
대출	loan, lending, mortgage, borrowing	貸出	lend - come out
반납하다	return, give back	返納	return - give
편식하다	sich einseitig ernähren	偏食	incline, be biased - food
유창하다	fluent, eloquent	流暢	flow - pleasant
현재	current	現在	show, appear - exist
충분하다	to be sufficient	充分	full - part
집세	Miete	-貰	- rent
개강	course opening	開講	open - darlegen, erklären
개설	establishment, opening	開設	open - give
여부	whether or not (noun)	與否	give - not
격려하다	motivieren, ermutigen	激勵	excite, incite - encourage
필수	necessity	必須	right away - should
대중문화	popular culture	大衆文化	big - crowd - writing - change
단정하다	sauber, ordentlich (angezogen sein), decent	端正	correct - correct
노숙자/인	homeless person	露宿者/人	open, exposed - lodge - man
청혼하다	to propose (marriage)	請婚	request - marriage
탄산	Kohlensäure	炭酸	coal - acid
우울하다	melancholisch	憂鬱	anxiety - melancholy
수면제	Schlafmittel	睡眠劑	sleep - sleep - medicine
복용하다	einnehmen (Medizin)	服用	take - use
자유	Freiheit	自由	self - cause
신사	Gentleman	紳士	gentleman - scholar
숙녀	Lady	淑女	pure - woman
황홀하다	entzückt	恍惚	rapture - rapture
미래	Zukunft	未來	not - come
직장	work place	職場	official duty - place
상사	Vorgesetzter	上司	above - preside
불만	unzufrieden, Mißfallen	不滿	not - full
안부	(sich nach dem) Befinden (erkundigen)	安否	peaceful - not
안색	skin color	顔色	face - color
야단	Rüge	惹端	provoke - correct
야외	draußen	野外	field - outside
상쾌하다	refreshing, invigorating	爽快	refreshing - cheerful
적성	Fähigkeiten, skill	適性	suit - nature, character
보수	pay	報酬	report - repay
회상	recollect	回想	return - imagine
감탄	marvel at	感歎/嘆	feel - jammern/jammern(?)
시설	facilities	施設	perform - give
동창회	Klassentreffen	同窓會	same - window - meeting
어쩌다(가)	by accident, seldomly		
언짢다	unpleasant		
쐬다	expose		
너무하다	unreasonable		
틀	Vorlage, frame(work)		
깜박하다	(für einen Moment) vergessen		
콧노래	Nasenlied (gesummt)		
지루하다	monoton, langweilig		
감상	Eindruck (eines Filmes, ...)	感想	feel - imagine
흥미 진진하다	höchst spannend	興味 津津	rise - taste - overflow - overflow
실감	Eindruck von Realitätsnähe	實感	real - feel
긴장감	Spannung	緊張感	urgent - extend - feel
실화	wahre Geschichte	實話	real - talk
가사	lyrics	歌詞	song - word
완곡하다	schonend (beibringen), euphemistisch	婉曲	pure, beautiful - bent
뭉클하다	rührend (mit Kloß im Hals)		
이기다	gewinnen		
넘치다	overflow		
훌륭하다	ausgezeichnet, vortrefflich		
격음	harter Konsonant (ㅍㅌㅊㅋ(ㅎ))	激音	excite, incite - sound
경음	gespannter Konsonant (ㅃㄸㅆㅉㄲ)	硬音	hard - sound
평음	normaler Konsonant (ㅂㄷㅅㅈㄱ)	平音	flat, calm - sound
격음화	Konsonantenverhärtung	激音化	excite, incite - sound - change
결합하다	kombinieren	結合	connect - combine, unite, join
동호회	common interest club	同好會	same - like - meet
정기	fixed period, regular	定期	set(tle) - period of time, time limit
도자기	Porzellanware	陶磁器	pottery - porcelain - receptacle
특이하다	eigentümlich, besonders	特異	special - different
품질	Qualität	品質	article - character, quality, substance
착각	Irrtum, Sinnestäuschung, Mißverstehen	錯覺	error - conscious
분리하다	(Müll) trennen	分離	divide - abreisen
애절하다	herzzerreißend, qualvoll	哀切	grievous - correspond(?)
감미롭다	Ohrenschmaus, sweet	甘美	sweet - beautiful
사연	Umstände, circumstances	事緣	business - reason
우정	Freundschaft	友情	friend - sentiment
이성	das jeweils andere Geschlecht	異姓	different - Geschlecht
결국	ultimately	結局	join - circumstance
핏기	complexion	-氣	- air
혈관	Blutgefäß	血管	blood - pipe
권유하다	invite, persuade	勸誘	advice - induce
억양	Intonation	抑揚	suppress - raise
형태	Form, Morphologie	形態	form - attitude
한옥	Korean-style house	韓屋	korean - house
보호하다	protect	保護	protect - guard
정상	Gipfel (Berg)	頂上	summit - above
향상	improve	向上	toward - above
작가	Autor	作家	compose, write - specialist
여가	Freizeit	餘暇	remain - leisure
수락	accept	受諾	receive - approve
장르	Genre		
울리다	resonieren		
이야깃거리	Gesprächsthema		
감추다	verstecken		
밀린 숙제	sich angehäuft habende Hausaufgaben		
걸리다	hängen		
집안일	Hausarbeit		
몸짓	gesture		
보람	Effekt, Nutzen		
달래다	soothe, pacify, calm		
흥얼거리다	vor sich hersummen		
소설	novel	小說	small - speak
최신	latest, newest	最新	most - new
단원	member	團員	mass - Personal
시민	Bürger	市民	market - Volk
모집	recruitment	募集	gather - gather
지시하다	to point out	指示	finger - exhibit
매번	jedes Mal	每番	every - turn
탈피	self-renewal	脫皮	peel off -skin/leather
해초	Meerespflanze	海草	ocean - grass, Stroh
산호	Korallen	珊湖	coral - lake
장비	Ausstattung, Equipment	裝備	decorate - prepare
포함	include, contain	包含	pack - include
일상	Alltag	日常	sun - ordinary
사동사	causative verb	使動詞	messenger - move - word
고유어	(korean) native word	固有語	solidify, strength- exist - words
한자	Hanja	漢字	han - letter
수필	essay	隨筆	follow - writing brush
형용사	adjective	形容詞	form - face, form - word
체중	Körpergewicht	體重	body - heavy
집중	Konzentration, Fokus	集中	gather - middle
노화	Älterwerden	老化	old - change
유모차	Kinderwagen	乳母車	milk - mother - car
갈증 (해소)	Durst (stillen)	渴症	thirsty symptom, evidence
교류	interchange, exchange	交流	mix, exchange - flow
계기	opportunity, motivation	契機	bond - opportunity
설득하다	persuade, überreden	說得	speak - obtain
허락	to allow, permit	許諾	allow - approve
맛보기	tasting, sampling		
눈을 맞추다	in die Augen gucken		
몸매	Figur (schlank, kräftig, ...)		
가꾸다	kultivieren, pflegen		
마치	just like, as if		
돈이 들다	viel Geld kosten		
노화를 늦추다	das Älterwerden verzögern		
태우다	einsteigen lassen, fahren lassen, (in einen Kinderwagen) hineinsetzen		
씌우다	to cover with, (Mütze) aufsetzen		
모두 같은 틀에 넣다	alle(s) über einen Kamm scheren		
시간이 가다	Zeit (schnell) vergehen		
시간이 지나다	(Zeit wieviel) vergehen		
시간이 흐르다	Zeit fließen		
시간이 나다	Zeit haben (auftauchen, erscheinen)		
시간을 벌다	Zeit gewinnen		
시간을 보내다	Zeit verbringen		
시간을 쪼개다	Zeit aufteilen, von etwas anderem wegnehmen		
시간에 쫓기다	von der Zeit verfolgt sein (es immer eilig haben)		
머릿골	Gehirn		
떨다	zittern		
손톱을 물다	bite fingernails		
현장	site	現場	show, appear - place
악기	Musikinstrument	樂器	music - instrument
지휘	führen, dirigieren	指揮	finger - shake
(지지를) 다짐(하다)	(Beistand, Unterstützung) schwören, pledge		
(열을) 식히다	(Fieber) kühlen		
데다	sich verbrennen		
(연고를) 바르다	auftragen (Salbe)		
담그다	soak, dip, immerse		
돌보다	sich um jemanden kümmern		
어떻게 감사를 드려야 할지 모르겠어요.	Ich weiß nicht, wie ich Ihnen danken kann/soll.		
어려울 때 서로 도와야지요.	Wenn man es schwer hat, soll man sich gegenseitig helfen.		
낮잠	nap, kurzes Schäferstündchen		
감기 기운	eine leichte Erkältung		
세 끼	Frühstück, Mittag und Abendbrot		
병에 걸려 있는지의 여부를 알아냄	herausfinden, ob man eine Krankheit bekommen (sich angesteckt) hat		
너의 친구가 주위 사람의 문제로 고민하고 있다.	Dein Freund macht sich wegen eines Problems von jemandem in seiner Umgebung Sorgen.		
해열제	Fiebersenkungsmedizin	解熱劑	explain, untie, break up, solve - hot - medicine
응급실	Notaufnahme	應急室	respond - urgent - room
주동사	nicht kausatives Verb	主動詞	lord - move - word
수건	Handtuch	手巾	hand - towel
응급 처치	Erste Hilfe (emergency removal)	應急 處置	respond - urgent - place - place(?)
사정	Umstände, Sachlage	事情	business - sentiment
평소	für gewöhnlich	平素	flat, calm - originally
부탁	Bitte	付託	refer - entrust
업무	duties	業務	business - endeavour
검진	check-up, Untersuchung	檢診	inspect - examine
성실	ehrlich	誠實	sincere - real
변비	Verstopfung	便秘	convenience, ease - conceal
고생	trouble, hardship, suffering	苦生	bitter - be born
불면증	Schlaflosigkeit	不眠症	not - sleep - symptom
안과	Augenheilkunde	眼科	eye - subject
진료	Untersuchung und Behandlung	診療	examine - heal
연기(演技)	Schauspielern	演技	perform - skill
연기(延期)	delay, postponement	延期	delay - period of time, time limit
천만에요.	Nichts zu danken, Not at all, You're welcome	千萬	thousand - many
마음 놓고 볼일 보고 오세요.	Seien Sie beruhigt und erledigen Sie in Ruhe, was Sie zu tun haben.		
차분하다	ruhig, gelassen		
넉넉하다	üppig, plentiful		
줄넘기	Seilspringen		
추운 계절에	in der kalten Jahreszeit		
무릎	Knie		
꾸준히	ohn' Paus' und Unterlaß		
아역	Kinderschauspieler	兒役	child - work
취향	Vorliebe, Geschmack	趣向	what attracts one's attention - toward
생생하다	vivid, lifelike	生生	be born - be born
서예	Kalligraphie	書藝	writing - skill
암	Krebs	癌	cancer
혈압	Blutdruck	血壓	blood - pressure
효능	Wirkung	效能	effect - to be able
주부	house wife	主婦	lord - daughter in law
담백하다	einfach, plain (z.B. Essen)	淡白	watery - white
해롭다	detrimental, harmful	害	harm
신선하다	frisch	新選	new - select
열량	Energiegehalt	熱量	hot - measure
소용	usefulness	所用	place/thing - use
과로	Überanstrengung	過勞	excess - endeavour/work
물리(학)	Physik	物理	goods - regulate
증상	(Krankheits-) Symptom	症狀	symptom - form
능률	Effizienz	能率	to be able - ratio
만병	alle (Arten von) Krankheiten	萬病	many - disease
근원	Quelle, Wurzel (allen Übels)	根源	root - source
질병	Krankheit	疾病	disease - disease
심리	mental, psychological	心理	heart - regulate
도심	downtown, inner city	都心	city - heart, center
순환	Umlauf, Zirkulation, (Blut)kreislauf	循環	revolve - ring
일시	temporär, einmalig	一時	one - time
(종이, 피부가) 거칠다	rough (skin, paper)		
이것은 스트레스 때문일 때가 많다.	Der Grund dafür ist oft Stress.		
오히려	instead, rather		
(생활에) 지친 (마음) (지치다)	(durch den Alltag) erschöpfte (Seele) (tired, worn out, erschöpft, ermattet)		
60%로 과반수에 달하다	"mit 60% die Mehrheit ""erreichen"""		
통계	Statistik	統計	govern (?) - count, calculate
과반수	Mehrheit	過半數	excess - half - count
세계화	Globalisierung	世界化	world - border - change
생활비가 적게 들다	der Alltag kostet nicht viel		
그 회사에 갈지 말지 아직 결정하지 못했다	konnte sich noch nicht entscheiden ob er zu dieser Firma geht oder nicht		
지방에 살면 서울만큼 편하지 않을 거다.	Auf dem Dorf ist das Leben nicht so bequem wie in Seoul.		
그렇기는 하겠지요.	Das stimmt natürlich.		
아무래도 그렇겠지요.	Auf jeden Fall ist es so (wie du(?) gesagt hast).		
그런 면도 없지는 않겠지요.	Dieser Aspekt stimmt natürlch auch.		
회사에 취직이 되다	von einer Firma genommen werden (nach Bewerbung)		
믿을 만한 사람이다	Er ist es wert, ihm zu vertrauen.		
적절하다	appropriate	適切	suit - correspond
대상	target, subject	對象	mutual, opposing, counter - appearance
공해	public hazard (pollution)	公害	public - harm
과학	Wissenschaft	科學	subject - learn
활기차다	voller Lebenskraft	活氣-	lebendig - air
매력	attraktiv, charming, appealing	魅力	demon - strength
탁하다	dicke (Luft)	濁	muddy
취업	ins Arbeitsleben (wieder)eintreten	就業	approach - business
지방	Gegend, Region	地方	earth - direction
신중하다	bedachtsam, sorgfältig	愼重	careful - heavy
전망	forecast, outlook, prospect	展望	spread - hope
인심	Gemüt (der Menschen)	人心	man - heart
초순	die ersten zehn Tage eines Monats	初旬	first - ten days
수필집	a collection of essays	隨筆集	follow - writing brush - gather
간결하다	concise, terse, succinct	簡潔	simple - pure
문체	writing style	文體	writing - body
(영화를) 개봉하다	release (a movie)	開封	open - seal
평	Review, Kritik	評	criticise, comment
숙이 안 좋아서 점심 안 먹다	nicht Mittag essen weil man sich im Bauch krank/übel fühlt		
머리가 많이 아프다고 하면서 일찍 집에 갔어요.	Er hat gesagt dass er starke Kopfschmerzen hat und ist dann früher nach Hause gegangen.		
인기를 끌다	gain/attract popularity		
참석하다	teilnehmen	參席	participation - seat
(내용을) 간접적으로 (옮겨 말하다)	(Inhalt) indirekt (weitergeben)	間接的	interval - connect
(교통이) 마비되다	(der Verkehr) kommt zum Erliegen	痲痺	numb - numb
(휴대 전화로 문자 메시지 보내기) 대회에서 우승을 하다	bei einem Wettbewerb (im SMS-Schnellschreiben auf Handys) gewinnen	大會- 優勝-	big - meet - excellent, superior - win
(과학적인 연구를) 인용하다	(eine wissenschaftliche Studie) zitieren, quotation, citation	引用	draw, pull - use
(잘못된 컴퓨터 사용) 자세	(falsche) Körperhaltung (bei der Computerbenutzung)	姿勢	figure - force
(건강) 위협	(Be-)drohung (für die Gesundheit)	威脅	dignity - threaten
위험	Gefahr	危險	danger - narrow pass, dangerous
(성공의) 비결	der Schlüssel, das Geheimnis (zum/des Erfolges)	秘訣	conceal - bid farewell
비밀	Geheimnis	秘密	conceal - hide
(정보의) 출처	Quelle (der Nachricht)	出處	come out - place
(정보를) 전달하다	(Information) weitergeben	傳達	transmit - send
송년 (파티)	Jahresend-Party	送年	send - year
화분(의 화초를 햇볕에 쐬었다)	(Ich habe die Blumen in den) Blumentöpfen (in die Sonne gestellt.)	花盆	flower - pot
남자가 두 번째로 많이 하는 거짓말은 술에 대한 것이다	Die zweithäufigste Männerlüge hat mit Alkohol zu tun / dreht sich um Alkohol.		
그런 일에 빠질 수는 없지요.	Da kann ich nicht nicht dabei sein.		
작은 것이라도 가지고 가야지요.	Wir müssen wenigstens etwas Kleines (als Geschenk) mitnehmen.		
빈손으로 갈 수는 없잖아요.	Wir können ja nicht mit leeren Händen da hingehen.		
가루비누	Seifenpulver, Waschpulver		
화초를 심고 가꾸는 그릇	ein Gefäß in das man eine Blume pflanzt und sie großzieht (also ein Blumentopf)		
건강을 유지하다	maintain (your) health		
최근	nearest, most recent	最近	most - near to
(애완동물의) 배설물을 (치우다)	(des Haustieres) Exkremente (wegmachen)	排泄物	reject - leak - goods
여자 친구와의 약속	die Verabredung mit der Freundin		
변명	Rechtfertigung, Erklärung	辨明	distinguish - bright, clear
부인하다	deny, negate	否認	not - recognize
반박하다	dispute, take issue with	反駁	repeat - refute
비싸서 안 올라갔던 기억이 있어요.	I remember not going up there because it was expensive.		
학생들에게는 20% 할인 혜택이 있대요.	Da steht, Studenten bekommen 20% Rabatt. (discount benefit, discount incentive)	惠澤	favor, benefit - grace (?)
Da steht, sie beabsichtigen, die Hochzeitsfeier ungefähr diesen Winter hochzuladen.	결혼식은 이번 겨울쯤에 올릴 예정이래요.		
금메달을 목에 건 순간 박재범 선수는 감격의 눈물을 흘렸대요.	Es wird berichtet, dass Park Je-Beom, als ihm die Goldmedaille um den Hals gehangen wurde, von Gefühlen überwältigt Tränen vergoß.	感激	feel - excite, incite
(Das Kleid) ist zwar sehr schön, aber ich glaube, es ist zu dünn (kalt), um es bei solchem Wetter wie heute anzuziehen.	예쁘기는 한데 오늘 같은 날씨에 입기에는 추울 것 같아요.		
그 판단의 기준을 말해 보세요.	Geben Sie den Grund für dieses Urteil an.	그 判斷의 基準을..	judge - cut off / base - rule
Das ist ein bisschen viel für eine Person / um es allein zu essen.	혼자 먹기에 양이 좀 많다.		
Es ist schon zu spät (in der Nacht) um den Freund anzurufen.	친구에게 전화하기에 시간이 좀 늦었다.		
Das ist doch zu schwer, den Umzug alleine zu machen.	혼자 이삿짐을 옮기기에 힘들다.		
아이들을 위해 쉽고 재미있게 연출되었다.	(Die Show / der Film) wurde kindgerecht einfach und interessant gedreht (regissiert/directed).	演出	perform - come out
Die Performace dauert nicht lang und ist daher gut für Kinder geeignet.	공연 관람 시간이 길지 않아서 아이들이 보기에 적당하다.		
Schlage vor, (es) gemeinsam zu gucken.	같이 보자고 제안하세요.		
볼 만한 가치	das Es-wert-Sein (zu gucken)	價値	value - value
the benefit of pre-ordering	예매 혜택		
Als ich noch in Frankreich war, bin ich oft mir das angucken gegangen, aber jetzt in Korea quasi nicht mehr.	프랑스에 있을 때는 가끔 보러 갔는데 한국에서는 잘 안 가게 되네요.		
"Ein Freund von mir sagt, das Musical ""Mamma mia"" ist interessant."	제 친구가 그러는데 ‘맘마 미아’라는 뮤지컬이 재미있대요.		
Das ist ein ordentlicher Preis!	가격이 좀 센대요!		
Wenn man den Preis im Internet sieht, ist es zwar teuer, aber er sagt, das Geld ist kein bisschen schade.	인터넷에서 보니까 가격이 좀 비싸지만 돈이 하나도 아깝지 않대요.		
Und wenn man diesen Monat noch übers Internet vorbestellt, bekommt man 20% Rabatt, steht da.	그리고 이번 달 안에 인터넷으로 예매하면 20% 할인 준대요.		
Der Schauspieler kann vortrefflich komisch spielen, daher ist das gut um einfach mal sorglos zu lachen.	배우의 코믹 연기가 훌륭하니까 아무 생각 없이 웃기에 좋다.		
Das (Schau)spiel war über den Erwartungen wert zu gucken. (Oh mein Gott, was für ein Deutsch.)	연기가 기대 이상으로 볼 만했다.		
The value is sufficient for the stolzen Preis.	비싼 값만큼 충분한 가치가 있다.		
Es ist zwar teuer, aber angemessen.	비싸도 제값을 한다.		
Der Lehrer sagt, wir sollen das Buch lesen.	선생님께서 책을 읽으래요.		
Sujin fragt, bis wieviel Uhr wir uns morgen treffen.	수진 씨가 내일은 몇 시까지 모이냬요.		
Akira schlägt vor, dass wir am Wochenende zusammen essen gehen.	아키라 씨가 주말에 같이 밥 먹재요.		
여자 주인공 역할 한 배우가 연기를 참 잘 하지요?	Der Schauspieler, der die weibliche Hauptrolle gespielt hat, spielt echt gut, oder?	役割	work - cut
작품	ein (künstlerisches) Werk	作品	compose, write - article, character
Nach der Vorstellung geben die Schauspieler selbst Autogramme.	연극이 끝난 후에는 배우들이 직접 사인을 해 준다.		
Die Performance des Schauspielers war outstanding und beeindruckte/bewegte/ergriff die Leute.	배우의 연기가 뛰어나서 사람들을 감동시켰다.		
원래 영화배우인데 처음으로 연극에 출연했다.	Eigentlich nur Filmschauspieler trat er jetzt das erste Mal im Theater auf.	出演	come out - perform
Er bekam eine Kritik, laut der er die Rolle des Sohnes in diesem Theaterstück vortrefflich gespielt habe.	이 연극에서 아들 역할을 훌륭하게 했다는 평을 받았다.		
난타는 한국의 전통 사물놀이 리듬으로 만든 대사가 없는 연극이다.	Nanta ist ein Stück das auf dem traditionellen koreanischen Samulnori-Rythmus aufbaut und keinen Text hat.	臺詞	stand - word
Diese Performance zeichnet interessant die Situationen und Fehler, wenn 4 Köche dabei sind, Essen zuzubereiten.	이 공연은 네 명의 요리사가 음식을 준비하는 과정에서 벌어지는 일들과 실수를 재미있게 그리고 있다.		
그리고 주방장의 박수 소리에 맞추어 관객들도 함께 박수를 치기도 했다.	Und die Zuschauer haben/das Publikum hat auch im Takt mit dem Klatschen des Küchenchefs geklatscht.	觀客	look - guest
Das Interessante an der Show ist wie die Schauspieler und die Zuschauer während der Show zusammen spielen.	이렇게 공연 중에 배우와 관객이 같이 공연을 하는 것이 이 공연의 재미이다.		
공연을 보고 나오는 사람들의 표정은 감동과 밝은 웃음으로 가득했다.	Der Gesichtsausdruck der Leute, die aus der Vorstellung kamen, war voller Eindruck und hellen Lächelns.		
die Schritte in Richtung Hause lenken	발걸음을 집으로 향하다		
익사 (직전의 어린이)	ein ertrinkendes Kind	溺死	drown - death
Normalerweise struggelt ein ertrinkender Mensch zwar, ruft aber nicht nach Hilfe.	보통 익사 직전의 사람이 허우적거리는데도 살려 달라고 외치지 않는다.		
물론 하늘에 있는 별처럼 반짝거리는 눈이 제일 예쁘지.	Natürlich sind es die gleich den Sternen am Himmel glitzernden Augen, die am schönsten sind.		
Wenn das Papier aus dem Drucker kommt, reißt es immer.	중이가 프린터에서 나오면서 계속 찢어진다.		
그럼 우선 인쇄를 멈춰 보세요.	Dann stoppe erstmal den Druck.	于先	? - first
Letztes Jahr im Sommer an einem Tag, an dem viel Regen fiel, bereitete ich in der Küche das Abendessen vor.	작년 여름에 비가 많이 오던 날 저는 부엌에서 저녁 식사를 준비하고 있었다.		
Das Geschirr fiel von der Spüle herunter und zerbrach auf dem Boden.	접시들이 싱크대에서 떨어지면서 바닥에서 깨졌다.		
Das Wasser floss/lief auch aus der Wasserflasche.	물병 안에 있던 물도 쏟아졌다.		
Der Schrank fiel um und ging kaputt.	장식장이 쓰러지면서 부서졌다.		
Nachdem das Erdbeben vorbei war, gab es ein paar Tage keinen Strom, so dass das Licht nicht anging.	지진이 멈춘 후에도 며칠 동안 전기가 들어오지 않아서 전등이 켜지지 않았다.		
Das Erdbeben an diesem Tag werde ich mein Leben nicht vergessen können.	그날 지진은 평생 잊을 수 없을 거다.		
그렇게 심한 말을 듣고 기본이 좋을 리가 없지요.	Nach so einer Ansage habe ich keinen Grund, gute Laune zu haben.	理	regulate
(상황을) 부정하다	(einen Umstand) abstreiten, verneinen	否定	not - settle
Es kann nicht sein, dass etwas (10000 Won) fehlt, denn ich habe das Geld genau gezählt (und es Ihnen gegeben).	부족할 리가 없을 텐데요. 돈을 정확하게 세서 드렸거든요.		
연체료를 내셔야 합니다.	Sie müssen noch Verzugsgebühren bezahlen.	延滯料	delay - blocked - aufzählen
잔액	money left over	殘額	remain - amount
Ich habe vorhin geguckt (geprüft), wieviel Geld noch auf der Karte ist.	아까 잔액을 (얼마인지) 확인했다.		
mit dem Mitgliedsbeitrag im Verzug sein	회비가 밀리다		
Anna hat gesagt, sie hat keinen Freund, also kann sie auch nicht geheiratet haben.	안나 씨가 남자 친구 없다고 했는데 결혼 했을 리가 없다.		
Hast du sie (deine Brieftasche) vielleicht zu Hause vergessen?	혹시 집에 놓고 나온 거 이니야?		
Frage ihn, wo er alles war, bevor er in die Schule gekommen ist.	학교 오기 전에 어디에 들렀는지 물어보세요.		
Warst du heute vor der Schule nirgendwo sonst?	오늘 학교에 오기 전에 어디 들른 곳 없어요?		
의문	Zweifel, Verwunderung	疑問	doubt - ask
Es ist unmöglich, das ich mein Portemonnaie verloren habe, ich weiß nicht, wie das hätte passieren können.	지갑을 잃어버렸을 리가 없는데 어떻게 된 일인지 모르겠어요.		
Warst du noch irgendwo außer im Buchladen?	서점 말고 다른 데 간 곳은 없어요?		
Es sieht so aus, als ob ich die Brieftasche auf dem Kassiertisch im Buchladen liegen gelassen habe, nachdem ich die Bücher bezahlt habe.	책값을 계산하고 나서 지갑을 서점 계산대에 두고 온 모양이에요.		
Es sieht so aus, als ob ich die Brieftasche neben dem Computer liegen gelassen habe, nachdem ich im Buchladen mit dem Computer Bücher gesucht habe.	서점에서 컴퓨터로 책을 검색하고 나서 컴퓨터 옆에 두고 온 모양이에요.		
Es sieht so aus, als ob ich die Brieftasche neben dem Waschbecken liegen gelassen habe, nachdem ich mir im Buchladen auf der Toilette die Hände gewaschen habe.	서점 화장실에서 손을 씻고 나서 세면대 옆에 두고 온 모양이에요.		
재생	play, wiedergeben (button)	再生	again - to be born
이 화석이 현재까지 발견된 공룡 발자국 화석 중 가장 큰 화석이다.	Dieses Fossil ist unter den bis heute entdeckten fossilen Dinosaurierfußabdrücken das größte.	化石, 恐龍	change - stone | frightening - dragon
인류	mankind	人類	man - class
수명	life span	壽命	life - life
Dank des ersten auf der Welt entwickelten Impfstoffes hat sich die durchschnittliche Lebenserwartung des Menschen verlängert.	세계 최초로 개발된 백신 덕분에 인류의 평균 수명이 연장됐다.		
Wenn ich du wäre, würde ich jetzt zu ihm (diesem Menschen) gehen und ihm (meine Liebe) gestehen.	만일 내가 너라면 지금 그 사람에게 가서 고백 할 거야.		
Was würdest du machen, wenn du ein weltbekannter Filmschauspieler wärest?	세계적으로 유명한 영화배우라면, 뭘 하고 십어요?		
그 종은 오천년 전에 멸망했다. 멸중?	This species became extinct 5000 years ago.	種 | 滅亡	kind | destroy - ruin
Damit die Wohnung nicht zu warm wird, habe ich die Klimaanlage angelassen.	집이 더울까 봐 에어컨을 켜 놓았다.		
Der Tisch muss gedeckt sein bevor der Gast kommt.	손님이 오시기 전에 상을 차려 놓아야 한다.		
풍선을 불어 놓았다.	Die Ballons sind schon aufgeblasen. / Ich habe die Ballons schon aufgeblasen.	風船	wind - ship
Dieses Buch wurde eine Million Mal verkauft.	그 책은 100만 권이 팔렸다.		
Dieses Buch wurde vor 5 Jahren verfilmt.	그 책은 5년 전에 영화로 만들어졌다.		
건축가 김영수 씨의 작품이 올해의 건축상을 받았다.	Das Werk des Architekten Kim Yeong-Su hat den diesjährigen Architekturpreis bekommen.	建築賞/家	build - build - reward/specialist
병마개가 뽑히지 않는다.	Der Korken geht nicht raus.	甁-	bottle
Der Architekt Kim Yeong-Su wurde zum dieses Jahr führenden Architekten gewählt.	건축가 김영수 씨는 올해의 대표적인 건축가로 뽑혔다.		
Gestern gab es im Herzen von Seoul ein 3-sekündiges Erdbeben.	어제 서울 도심에서 3초 동안 지진이 있었다.		
지진의 피해가 커서 주민들이 불안해하고 있다.	Die Bevölkerung ist besorgt, da das Erdbeben große Schäden angerichtet hat.	住民	hausen, verweilen - Volk
